[{"model": "admin.logentry", "pk": 1, "fields": {"action_time": "2025-07-07T06:12:50.656Z", "user": 1, "content_type": 7, "object_id": "2560", "object_repr": "Mariam Allie (2560)", "action_flag": 3, "change_message": ""}}, {"model": "admin.logentry", "pk": 2, "fields": {"action_time": "2025-07-07T06:12:50.656Z", "user": 1, "content_type": 7, "object_id": "1683", "object_repr": "Josephine Phinius (1683)", "action_flag": 3, "change_message": ""}}, {"model": "admin.logentry", "pk": 3, "fields": {"action_time": "2025-07-07T06:12:50.656Z", "user": 1, "content_type": 7, "object_id": "122", "object_repr": "Alexander Amos (122)", "action_flag": 3, "change_message": ""}}, {"model": "admin.logentry", "pk": 4, "fields": {"action_time": "2025-07-07T06:12:50.656Z", "user": 1, "content_type": 7, "object_id": "12", "object_repr": "Mariam Allie (12)", "action_flag": 3, "change_message": ""}}, {"model": "admin.logentry", "pk": 5, "fields": {"action_time": "2025-07-07T06:16:20.620Z", "user": 1, "content_type": 7, "object_id": "1865", "object_repr": "Josephy Martha (1865)", "action_flag": 1, "change_message": "[{\"added\": {}}]"}}, {"model": "admin.logentry", "pk": 6, "fields": {"action_time": "2025-07-07T06:18:06.564Z", "user": 1, "content_type": 7, "object_id": "1865", "object_repr": "Josephy Chimwemwe (1865)", "action_flag": 2, "change_message": "[{\"changed\": {\"fields\": [\"Child name\"]}}]"}}, {"model": "admin.logentry", "pk": 7, "fields": {"action_time": "2025-07-07T06:25:53.142Z", "user": 1, "content_type": 8, "object_id": "6", "object_repr": "Josephy Chimwemwe - 2025-07-07 - 32 months", "action_flag": 1, "change_message": "[{\"added\": {}}]"}}, {"model": "admin.logentry", "pk": 8, "fields": {"action_time": "2025-07-07T06:35:24.197Z", "user": 1, "content_type": 7, "object_id": "1866", "object_repr": "Maria Kadzanjankhoma (1866)", "action_flag": 1, "change_message": "[{\"added\": {}}]"}}, {"model": "admin.logentry", "pk": 9, "fields": {"action_time": "2025-07-07T08:21:11.197Z", "user": 1, "content_type": 7, "object_id": "1866", "object_repr": "Maria Kadzanjankhoma (1866)", "action_flag": 3, "change_message": ""}}, {"model": "admin.logentry", "pk": 10, "fields": {"action_time": "2025-07-07T08:21:11.197Z", "user": 1, "content_type": 7, "object_id": "1865", "object_repr": "Josephy Chimwemwe (1865)", "action_flag": 3, "change_message": ""}}, {"model": "admin.logentry", "pk": 11, "fields": {"action_time": "2025-07-07T08:23:34.106Z", "user": 1, "content_type": 7, "object_id": "1730", "object_repr": "Bonomali Jella (1730)", "action_flag": 1, "change_message": "[{\"added\": {}}]"}}, {"model": "admin.logentry", "pk": 12, "fields": {"action_time": "2025-07-07T08:25:34.397Z", "user": 1, "content_type": 7, "object_id": "1731", "object_repr": "Saudi Issa (1731)", "action_flag": 1, "change_message": "[{\"added\": {}}]"}}, {"model": "admin.logentry", "pk": 13, "fields": {"action_time": "2025-07-07T08:27:20.035Z", "user": 1, "content_type": 7, "object_id": "1724", "object_repr": "Grace Asedi (1724)", "action_flag": 1, "change_message": "[{\"added\": {}}]"}}, {"model": "admin.logentry", "pk": 14, "fields": {"action_time": "2025-07-07T08:28:54.419Z", "user": 1, "content_type": 7, "object_id": "1726", "object_repr": "Haji Asick (1726)", "action_flag": 1, "change_message": "[{\"added\": {}}]"}}, {"model": "admin.logentry", "pk": 15, "fields": {"action_time": "2025-07-07T08:30:27.158Z", "user": 1, "content_type": 7, "object_id": "1727", "object_repr": "Falida Nufu (1727)", "action_flag": 1, "change_message": "[{\"added\": {}}]"}}, {"model": "admin.logentry", "pk": 16, "fields": {"action_time": "2025-07-07T08:31:58.821Z", "user": 1, "content_type": 7, "object_id": "1725", "object_repr": "Lucia Geofrey (1725)", "action_flag": 1, "change_message": "[{\"added\": {}}]"}}, {"model": "admin.logentry", "pk": 17, "fields": {"action_time": "2025-07-07T08:33:56.895Z", "user": 1, "content_type": 7, "object_id": "1723", "object_repr": "Zainab Abdul (1723)", "action_flag": 1, "change_message": "[{\"added\": {}}]"}}, {"model": "admin.logentry", "pk": 18, "fields": {"action_time": "2025-07-07T08:35:36.120Z", "user": 1, "content_type": 7, "object_id": "1722", "object_repr": "Abdul Saiti (1722)", "action_flag": 1, "change_message": "[{\"added\": {}}]"}}, {"model": "admin.logentry", "pk": 19, "fields": {"action_time": "2025-07-07T08:36:49.297Z", "user": 1, "content_type": 7, "object_id": "1716", "object_repr": "Razack Twaibu (1716)", "action_flag": 1, "change_message": "[{\"added\": {}}]"}}, {"model": "admin.logentry", "pk": 20, "fields": {"action_time": "2025-07-07T08:38:39.577Z", "user": 1, "content_type": 7, "object_id": "1732", "object_repr": "Shabilu Kassimu (1732)", "action_flag": 1, "change_message": "[{\"added\": {}}]"}}, {"model": "admin.logentry", "pk": 21, "fields": {"action_time": "2025-07-07T08:42:22.466Z", "user": 1, "content_type": 4, "object_id": "1", "object_repr": "Osphyncodes", "action_flag": 2, "change_message": "[{\"changed\": {\"fields\": [\"First name\", \"Last name\"]}}]"}}, {"model": "admin.logentry", "pk": 22, "fields": {"action_time": "2025-07-07T21:34:19.183Z", "user": 1, "content_type": 7, "object_id": "1000", "object_repr": "Test Child (1000)", "action_flag": 1, "change_message": "[{\"added\": {}}]"}}, {"model": "admin.logentry", "pk": 23, "fields": {"action_time": "2025-07-07T21:36:03.298Z", "user": 1, "content_type": 8, "object_id": "2", "object_repr": "Test Child - 2025-05-01 - -2 months", "action_flag": 1, "change_message": "[{\"added\": {}}]"}}, {"model": "admin.logentry", "pk": 24, "fields": {"action_time": "2025-07-07T21:37:06.431Z", "user": 1, "content_type": 8, "object_id": "2", "object_repr": "Test Child - 2025-05-01 - -2 months", "action_flag": 2, "change_message": "[{\"changed\": {\"fields\": [\"Follow up outcome\"]}}]"}}, {"model": "admin.logentry", "pk": 25, "fields": {"action_time": "2025-07-07T21:37:33.271Z", "user": 1, "content_type": 8, "object_id": "2", "object_repr": "Test Child - 2025-05-01 - -2 months", "action_flag": 2, "change_message": "[{\"changed\": {\"fields\": [\"Follow up outcome\"]}}]"}}, {"model": "admin.logentry", "pk": 26, "fields": {"action_time": "2025-07-07T21:38:25.740Z", "user": 1, "content_type": 8, "object_id": "2", "object_repr": "Test Child - 2025-05-01 - -2 months", "action_flag": 2, "change_message": "[{\"changed\": {\"fields\": [\"Next appointment or outcome date\"]}}]"}}, {"model": "admin.logentry", "pk": 27, "fields": {"action_time": "2025-07-07T21:38:42.827Z", "user": 1, "content_type": 8, "object_id": "2", "object_repr": "Test Child - 2025-05-01 - -2 months", "action_flag": 2, "change_message": "[{\"changed\": {\"fields\": [\"Follow up outcome\"]}}]"}}, {"model": "admin.logentry", "pk": 28, "fields": {"action_time": "2025-07-07T21:39:08.440Z", "user": 1, "content_type": 8, "object_id": "2", "object_repr": "Test Child - 2025-05-01 - -2 months", "action_flag": 2, "change_message": "[{\"changed\": {\"fields\": [\"Next appointment or outcome date\"]}}]"}}, {"model": "admin.logentry", "pk": 29, "fields": {"action_time": "2025-07-07T21:39:29.896Z", "user": 1, "content_type": 8, "object_id": "2", "object_repr": "Test Child - 2025-05-01 - -2 months", "action_flag": 2, "change_message": "[{\"changed\": {\"fields\": [\"Next appointment or outcome date\"]}}]"}}, {"model": "admin.logentry", "pk": 30, "fields": {"action_time": "2025-07-07T21:43:19.521Z", "user": 1, "content_type": 8, "object_id": "2", "object_repr": "Test Child - 2025-05-01 - -2 months", "action_flag": 2, "change_message": "[{\"changed\": {\"fields\": [\"Next appointment or outcome date\"]}}]"}}, {"model": "admin.logentry", "pk": 31, "fields": {"action_time": "2025-07-07T21:58:56.867Z", "user": 1, "content_type": 7, "object_id": "1003", "object_repr": "Josephy Ng'omba (1003)", "action_flag": 3, "change_message": ""}}, {"model": "admin.logentry", "pk": 32, "fields": {"action_time": "2025-07-07T21:58:56.867Z", "user": 1, "content_type": 7, "object_id": "1002", "object_repr": "Josephy Ng'omba (1002)", "action_flag": 3, "change_message": ""}}, {"model": "admin.logentry", "pk": 33, "fields": {"action_time": "2025-07-07T21:58:56.867Z", "user": 1, "content_type": 7, "object_id": "1000", "object_repr": "Josephy Ng'omba (1000)", "action_flag": 3, "change_message": ""}}, {"model": "admin.logentry", "pk": 34, "fields": {"action_time": "2025-07-08T11:19:15.391Z", "user": 1, "content_type": 4, "object_id": "1", "object_repr": "osphyncodes", "action_flag": 2, "change_message": "[{\"changed\": {\"fields\": [\"Username\"]}}]"}}, {"model": "admin.logentry", "pk": 35, "fields": {"action_time": "2025-07-08T12:50:23.192Z", "user": 1, "content_type": 7, "object_id": "1566", "object_repr": "Idrissa Frank (1566)", "action_flag": 1, "change_message": "[{\"added\": {}}]"}}, {"model": "admin.logentry", "pk": 36, "fields": {"action_time": "2025-07-08T12:57:23.752Z", "user": 1, "content_type": 7, "object_id": "1489", "object_repr": "Alima Ngunga (1489)", "action_flag": 1, "change_message": "[{\"added\": {}}]"}}, {"model": "admin.logentry", "pk": 37, "fields": {"action_time": "2025-07-09T14:46:38.358Z", "user": 1, "content_type": 8, "object_id": "3", "object_repr": "Bonomali Jella - None - ? months", "action_flag": 3, "change_message": ""}}, {"model": "admin.logentry", "pk": 38, "fields": {"action_time": "2025-07-09T14:46:38.358Z", "user": 1, "content_type": 8, "object_id": "1", "object_repr": "Bonomali Jella - None - ? months", "action_flag": 3, "change_message": ""}}, {"model": "admin.logentry", "pk": 39, "fields": {"action_time": "2025-07-09T14:55:29.083Z", "user": 1, "content_type": 8, "object_id": "15", "object_repr": "Lucia Geofrey - 2025-06-10 - 0 months", "action_flag": 2, "change_message": "[{\"changed\": {\"fields\": [\"Visit date\"]}}]"}}, {"model": "admin.logentry", "pk": 40, "fields": {"action_time": "2025-07-09T15:56:54.145Z", "user": 1, "content_type": 8, "object_id": "34", "object_repr": "Paulos Dyson - 2025-04-08 - 0 months", "action_flag": 2, "change_message": "[{\"changed\": {\"fields\": [\"Next appointment or outcome date\"]}}]"}}, {"model": "admin.logentry", "pk": 41, "fields": {"action_time": "2025-07-09T15:58:33.166Z", "user": 1, "content_type": 8, "object_id": "34", "object_repr": "Paulos Dyson - 2025-04-08 - 0 months", "action_flag": 2, "change_message": "[{\"changed\": {\"fields\": [\"Height\", \"Weight\", \"Drug given\", \"Cpt given\"]}}]"}}, {"model": "admin.logentry", "pk": 42, "fields": {"action_time": "2025-07-09T16:37:38.597Z", "user": 1, "content_type": 8, "object_id": "51", "object_repr": "Amina Namwera - 2025-07-01 - 5 months", "action_flag": 2, "change_message": "[{\"changed\": {\"fields\": [\"Breastfeeding\"]}}]"}}, {"model": "admin.logentry", "pk": 43, "fields": {"action_time": "2025-07-09T17:13:28.770Z", "user": 1, "content_type": 8, "object_id": "65", "object_repr": "Jazaka Liya - 2025-06-06 - 5 months", "action_flag": 2, "change_message": "[{\"changed\": {\"fields\": [\"Clinical monitoring\"]}}]"}}, {"model": "auth.permission", "pk": 1, "fields": {"name": "Can add log entry", "content_type": 1, "codename": "add_logentry"}}, {"model": "auth.permission", "pk": 2, "fields": {"name": "Can change log entry", "content_type": 1, "codename": "change_logentry"}}, {"model": "auth.permission", "pk": 3, "fields": {"name": "Can delete log entry", "content_type": 1, "codename": "delete_logentry"}}, {"model": "auth.permission", "pk": 4, "fields": {"name": "Can view log entry", "content_type": 1, "codename": "view_logentry"}}, {"model": "auth.permission", "pk": 5, "fields": {"name": "Can add permission", "content_type": 2, "codename": "add_permission"}}, {"model": "auth.permission", "pk": 6, "fields": {"name": "Can change permission", "content_type": 2, "codename": "change_permission"}}, {"model": "auth.permission", "pk": 7, "fields": {"name": "Can delete permission", "content_type": 2, "codename": "delete_permission"}}, {"model": "auth.permission", "pk": 8, "fields": {"name": "Can view permission", "content_type": 2, "codename": "view_permission"}}, {"model": "auth.permission", "pk": 9, "fields": {"name": "Can add group", "content_type": 3, "codename": "add_group"}}, {"model": "auth.permission", "pk": 10, "fields": {"name": "Can change group", "content_type": 3, "codename": "change_group"}}, {"model": "auth.permission", "pk": 11, "fields": {"name": "Can delete group", "content_type": 3, "codename": "delete_group"}}, {"model": "auth.permission", "pk": 12, "fields": {"name": "Can view group", "content_type": 3, "codename": "view_group"}}, {"model": "auth.permission", "pk": 13, "fields": {"name": "Can add user", "content_type": 4, "codename": "add_user"}}, {"model": "auth.permission", "pk": 14, "fields": {"name": "Can change user", "content_type": 4, "codename": "change_user"}}, {"model": "auth.permission", "pk": 15, "fields": {"name": "Can delete user", "content_type": 4, "codename": "delete_user"}}, {"model": "auth.permission", "pk": 16, "fields": {"name": "Can view user", "content_type": 4, "codename": "view_user"}}, {"model": "auth.permission", "pk": 17, "fields": {"name": "Can add content type", "content_type": 5, "codename": "add_contenttype"}}, {"model": "auth.permission", "pk": 18, "fields": {"name": "Can change content type", "content_type": 5, "codename": "change_contenttype"}}, {"model": "auth.permission", "pk": 19, "fields": {"name": "Can delete content type", "content_type": 5, "codename": "delete_contenttype"}}, {"model": "auth.permission", "pk": 20, "fields": {"name": "Can view content type", "content_type": 5, "codename": "view_contenttype"}}, {"model": "auth.permission", "pk": 21, "fields": {"name": "Can add session", "content_type": 6, "codename": "add_session"}}, {"model": "auth.permission", "pk": 22, "fields": {"name": "Can change session", "content_type": 6, "codename": "change_session"}}, {"model": "auth.permission", "pk": 23, "fields": {"name": "Can delete session", "content_type": 6, "codename": "delete_session"}}, {"model": "auth.permission", "pk": 24, "fields": {"name": "Can view session", "content_type": 6, "codename": "view_session"}}, {"model": "auth.permission", "pk": 25, "fields": {"name": "Can add child", "content_type": 7, "codename": "add_child"}}, {"model": "auth.permission", "pk": 26, "fields": {"name": "Can change child", "content_type": 7, "codename": "change_child"}}, {"model": "auth.permission", "pk": 27, "fields": {"name": "Can delete child", "content_type": 7, "codename": "delete_child"}}, {"model": "auth.permission", "pk": 28, "fields": {"name": "Can view child", "content_type": 7, "codename": "view_child"}}, {"model": "auth.permission", "pk": 29, "fields": {"name": "Can add child visit", "content_type": 8, "codename": "add_childvisit"}}, {"model": "auth.permission", "pk": 30, "fields": {"name": "Can change child visit", "content_type": 8, "codename": "change_childvisit"}}, {"model": "auth.permission", "pk": 31, "fields": {"name": "Can delete child visit", "content_type": 8, "codename": "delete_childvisit"}}, {"model": "auth.permission", "pk": 32, "fields": {"name": "Can view child visit", "content_type": 8, "codename": "view_childvisit"}}, {"model": "auth.permission", "pk": 33, "fields": {"name": "Can add hts sample", "content_type": 9, "codename": "add_htssample"}}, {"model": "auth.permission", "pk": 34, "fields": {"name": "Can change hts sample", "content_type": 9, "codename": "change_htssample"}}, {"model": "auth.permission", "pk": 35, "fields": {"name": "Can delete hts sample", "content_type": 9, "codename": "delete_htssample"}}, {"model": "auth.permission", "pk": 36, "fields": {"name": "Can view hts sample", "content_type": 9, "codename": "view_htssample"}}, {"model": "auth.permission", "pk": 37, "fields": {"name": "Can add system log", "content_type": 10, "codename": "add_systemlog"}}, {"model": "auth.permission", "pk": 38, "fields": {"name": "Can change system log", "content_type": 10, "codename": "change_systemlog"}}, {"model": "auth.permission", "pk": 39, "fields": {"name": "Can delete system log", "content_type": 10, "codename": "delete_systemlog"}}, {"model": "auth.permission", "pk": 40, "fields": {"name": "Can view system log", "content_type": 10, "codename": "view_systemlog"}}, {"model": "auth.user", "pk": 1, "fields": {"password": "pbkdf2_sha256$1000000$k0WyJeYJxRfjprPU6Y3alQ$t2x/cB/NyyrlILrERLKX6Bu69xWFlxxNcGNFPf3lnP0=", "last_login": "2025-07-09T22:29:37.027Z", "is_superuser": true, "username": "osphyncodes", "first_name": "josephy", "last_name": "ng'omba", "email": "ngombajosephy@gmail.com", "is_staff": true, "is_active": true, "date_joined": "2025-07-05T07:13:27Z", "groups": [], "user_permissions": []}}, {"model": "auth.user", "pk": 4, "fields": {"password": "", "last_login": "2025-07-09T17:53:17.823Z", "is_superuser": false, "username": "henry", "first_name": "henry", "last_name": "Ng'omba", "email": "henrymcsyntax@gmail.com", "is_staff": false, "is_active": false, "date_joined": "2025-07-09T17:50:34.285Z", "groups": [], "user_permissions": []}}, {"model": "contenttypes.contenttype", "pk": 1, "fields": {"app_label": "admin", "model": "logentry"}}, {"model": "contenttypes.contenttype", "pk": 2, "fields": {"app_label": "auth", "model": "permission"}}, {"model": "contenttypes.contenttype", "pk": 3, "fields": {"app_label": "auth", "model": "group"}}, {"model": "contenttypes.contenttype", "pk": 4, "fields": {"app_label": "auth", "model": "user"}}, {"model": "contenttypes.contenttype", "pk": 5, "fields": {"app_label": "contenttypes", "model": "contenttype"}}, {"model": "contenttypes.contenttype", "pk": 6, "fields": {"app_label": "sessions", "model": "session"}}, {"model": "contenttypes.contenttype", "pk": 7, "fields": {"app_label": "children", "model": "child"}}, {"model": "contenttypes.contenttype", "pk": 8, "fields": {"app_label": "children", "model": "childvisit"}}, {"model": "contenttypes.contenttype", "pk": 9, "fields": {"app_label": "children", "model": "htssample"}}, {"model": "contenttypes.contenttype", "pk": 10, "fields": {"app_label": "children", "model": "systemlog"}}, {"model": "sessions.session", "pk": "1rfvcurjpudsz6oo122xdytuogeqy1iu", "fields": {"session_data": ".eJxVjEEOwiAQRe_C2pAyDAVcuvcMZGBAqoYmpV0Z765NutDtf-_9lwi0rTVsPS9hYnEWSpx-t0jpkdsO-E7tNss0t3WZotwVedAurzPn5-Vw_w4q9fqtMyP6Ygpp6wm1IwXGOZ3AoB1NKaAoa7CDUqNVHiFGZhtdQRyKBZ_F-wPJ6jcg:1uYuw3:gAzKFfU-3xnJqj_iSSNSlRzT-zhTNfpnA2GQHzZHoEk", "expire_date": "2025-07-07T23:22:43.255Z"}}, {"model": "sessions.session", "pk": "5j7l3xd8t1qweevp2e8xy1u8hqe7ni25", "fields": {"session_data": ".eJxVjEEOwiAQRe_C2pAyDAVcuvcMZGBAqoYmpV0Z765NutDtf-_9lwi0rTVsPS9hYnEWSpx-t0jpkdsO-E7tNss0t3WZotwVedAurzPn5-Vw_w4q9fqtMyP6Ygpp6wm1IwXGOZ3AoB1NKaAoa7CDUqNVHiFGZhtdQRyKBZ_F-wPJ6jcg:1uZTmN:mXwzbYJ0yhmwAITtxF7kh2x97U42HU8HQ6VvtnRS9tQ", "expire_date": "2025-07-09T12:35:03.427Z"}}, {"model": "sessions.session", "pk": "607e96lrve5rnisbh3dold0gwcf5g9nt", "fields": {"session_data": "e30:1uZU2c:jk-RQ1lOSyALfQH0LpU-wwAN6xjA458JHXjmHXsNL7w", "expire_date": "2025-07-09T12:51:50.424Z"}}, {"model": "sessions.session", "pk": "7m7t241d6ojnq6ufgd1g55zbl4q036vk", "fields": {"session_data": ".eJxVjEEOwiAQRe_C2pAyDAVcuvcMZGBAqoYmpV0Z765NutDtf-_9lwi0rTVsPS9hYnEWSpx-t0jpkdsO-E7tNss0t3WZotwVedAurzPn5-Vw_w4q9fqtMyP6Ygpp6wm1IwXGOZ3AoB1NKaAoa7CDUqNVHiFGZhtdQRyKBZ_F-wPJ6jcg:1uZALU:rEOako8Lexn9K6tVNgjC8lBr9-AMULR4vzL3u5JVjYY", "expire_date": "2025-07-08T15:50:00.785Z"}}, {"model": "sessions.session", "pk": "8wt1dplwt6eowod0rq7i7rr72tplebhj", "fields": {"session_data": ".eJxVjEEOwiAQRe_C2pAyDAVcuvcMZGBAqoYmpV0Z765NutDtf-_9lwi0rTVsPS9hYnEWSpx-t0jpkdsO-E7tNss0t3WZotwVedAurzPn5-Vw_w4q9fqtMyP6Ygpp6wm1IwXGOZ3AoB1NKaAoa7CDUqNVHiFGZhtdQRyKBZ_F-wPJ6jcg:1uZ5AJ:hfWcVGpHQ1c7S2IBeJ39kWwu520elEPi5UMd0luRkNI", "expire_date": "2025-07-08T10:18:07.300Z"}}, {"model": "sessions.session", "pk": "9kjnzii6dxklr7pc3yy31040ndoqfsk3", "fields": {"session_data": ".eJxVjEEOwiAQRe_C2pAyDAVcuvcMZGBAqoYmpV0Z765NutDtf-_9lwi0rTVsPS9hYnEWSpx-t0jpkdsO-E7tNss0t3WZotwVedAurzPn5-Vw_w4q9fqtMyP6Ygpp6wm1IwXGOZ3AoB1NKaAoa7CDUqNVHiFGZhtdQRyKBZ_F-wPJ6jcg:1uZAS2:Mx1ZSEu85QtY5JXW6YTMxTQO6ZAVHMJJQKsOKraTD8Y", "expire_date": "2025-07-08T15:56:46.298Z"}}, {"model": "sessions.session", "pk": "a4nep7h5v1caiviyc8ica7zknok55mpd", "fields": {"session_data": "e30:1uZcJk:x2mHziYXeGO0db4TOAeLkm58Rnv9e-XbDhbVKO4HrtU", "expire_date": "2025-07-09T21:42:04.451Z"}}, {"model": "sessions.session", "pk": "bdvmy3j5z85zrvui8s5dezz9pn3s61g6", "fields": {"session_data": ".eJxVjEEOwiAQRe_C2pAyDAVcuvcMZGBAqoYmpV0Z765NutDtf-_9lwi0rTVsPS9hYnEWSpx-t0jpkdsO-E7tNss0t3WZotwVedAurzPn5-Vw_w4q9fqtMyP6Ygpp6wm1IwXGOZ3AoB1NKaAoa7CDUqNVHiFGZhtdQRyKBZ_F-wPJ6jcg:1uZaX3:CSzfc22SFAWJghbR_3QUdYCfZTkztfveXRsO7cTtS1U", "expire_date": "2025-07-09T19:47:41.621Z"}}, {"model": "sessions.session", "pk": "bsg0b4pnjdx626qpn2l5kxixmg26dztf", "fields": {"session_data": ".eJxVjEEOwiAQRe_C2pAyDAVcuvcMZGBAqoYmpV0Z765NutDtf-_9lwi0rTVsPS9hYnEWSpx-t0jpkdsO-E7tNss0t3WZotwVedAurzPn5-Vw_w4q9fqtMyP6Ygpp6wm1IwXGOZ3AoB1NKaAoa7CDUqNVHiFGZhtdQRyKBZ_F-wPJ6jcg:1uZdIV:x2hKLZQPqWfnnLI6TZ9IXE-n1a8wvJBXzSjxyvzWpn0", "expire_date": "2025-07-09T22:44:51.764Z"}}, {"model": "sessions.session", "pk": "cwivh3jwrhycl5mnaxgsn0zpvvdagz2h", "fields": {"session_data": ".eJxVjEEOwiAQRe_C2pAyDAVcuvcMZGBAqoYmpV0Z765NutDtf-_9lwi0rTVsPS9hYnEWSpx-t0jpkdsO-E7tNss0t3WZotwVedAurzPn5-Vw_w4q9fqtMyP6Ygpp6wm1IwXGOZ3AoB1NKaAoa7CDUqNVHiFGZhtdQRyKBZ_F-wPJ6jcg:1uZZ4V:XNRkU_1XFmisWT4kfn64l6wqkfbFJ8VMsJeDmaOjytY", "expire_date": "2025-07-09T18:14:07.062Z"}}, {"model": "sessions.session", "pk": "d4jo63mddnokj1gsq0w7ud8i3jxp6dg3", "fields": {"session_data": ".eJxVjEEOwiAQRe_C2pAyDAVcuvcMZGBAqoYmpV0Z765NutDtf-_9lwi0rTVsPS9hYnEWSpx-t0jpkdsO-E7tNss0t3WZotwVedAurzPn5-Vw_w4q9fqtMyP6Ygpp6wm1IwXGOZ3AoB1NKaAoa7CDUqNVHiFGZhtdQRyKBZ_F-wPJ6jcg:1uZNPO:3n2rkel51SLwvi8MS512cTXUUE9-AihBegpjMqj3030", "expire_date": "2025-07-09T05:46:54.934Z"}}, {"model": "sessions.session", "pk": "dgeyp8hl64xv1k4bfvp0i1j13fgmg4zd", "fields": {"session_data": "e30:1uZ8GI:nW0v7Co9RjbAaV0BYQJhQau1AUnAtH2L4nQcNmsyGkY", "expire_date": "2025-07-08T13:36:30.985Z"}}, {"model": "sessions.session", "pk": "diwq5sq278d1eyk3g125pr0sla3srp1y", "fields": {"session_data": ".eJxVjEEOwiAQRe_C2pAyDAVcuvcMZGBAqoYmpV0Z765NutDtf-_9lwi0rTVsPS9hYnEWSpx-t0jpkdsO-E7tNss0t3WZotwVedAurzPn5-Vw_w4q9fqtMyP6Ygpp6wm1IwXGOZ3AoB1NKaAoa7CDUqNVHiFGZhtdQRyKBZ_F-wPJ6jcg:1uZc1Y:EmpPn3Xw7SPNFyZsNOYFqjo8Erz2QCK53LbfzLEc0Fg", "expire_date": "2025-07-09T21:23:16.345Z"}}, {"model": "sessions.session", "pk": "ijevxjexql3d68sysxcy725a0fy8m3c0", "fields": {"session_data": ".eJxVjEEOwiAQRe_C2pAyDAVcuvcMZGBAqoYmpV0Z765NutDtf-_9lwi0rTVsPS9hYnEWSpx-t0jpkdsO-E7tNss0t3WZotwVedAurzPn5-Vw_w4q9fqtMyP6Ygpp6wm1IwXGOZ3AoB1NKaAoa7CDUqNVHiFGZhtdQRyKBZ_F-wPJ6jcg:1uZGGS:S_QZFHIJ5k1xsnO5Or4OzppSN9p-2PID_OCfedWUOfk", "expire_date": "2025-07-08T22:09:12.377Z"}}, {"model": "sessions.session", "pk": "itju4zpl2qazyz75isf4xcsuoky68csf", "fields": {"session_data": ".eJxVjEEOwiAQRe_C2pAyDAVcuvcMZGBAqoYmpV0Z765NutDtf-_9lwi0rTVsPS9hYnEWSpx-t0jpkdsO-E7tNss0t3WZotwVedAurzPn5-Vw_w4q9fqtMyP6Ygpp6wm1IwXGOZ3AoB1NKaAoa7CDUqNVHiFGZhtdQRyKBZ_F-wPJ6jcg:1uZ7RO:GeO5wsREO15QVuyLDICNcUnoeDYRbw9H8-U1YzxgTHY", "expire_date": "2025-07-08T12:43:54.494Z"}}, {"model": "sessions.session", "pk": "mlrlf4bg9fns6xtb9b7k2z791mnp16ql", "fields": {"session_data": "e30:1uZ2q2:sHX_SMoooZHx_wHIhYws_4qfnYf6c4oPwStIIvJlSFw", "expire_date": "2025-07-08T07:49:02.020Z"}}, {"model": "sessions.session", "pk": "mnxacd2whye3j9ff97x2ib5v2hq664d1", "fields": {"session_data": ".eJxVjEEOwiAQRe_C2pAyDAVcuvcMZGBAqoYmpV0Z765NutDtf-_9lwi0rTVsPS9hYnEWSpx-t0jpkdsO-E7tNss0t3WZotwVedAurzPn5-Vw_w4q9fqtMyP6Ygpp6wm1IwXGOZ3AoB1NKaAoa7CDUqNVHiFGZhtdQRyKBZ_F-wPJ6jcg:1uZ6Lz:CVfDVprPl0wLbPqIPQI61IACvw5oUolNp4l4NIDKGuY", "expire_date": "2025-07-08T11:34:15.595Z"}}, {"model": "sessions.session", "pk": "n3fwneyuskzv32o16f41l5u6sgicu5jf", "fields": {"session_data": "e30:1uZNef:vMnp2AXQzVatH0hn6sZg6-r6sZX_IxIOML4JUJ6Dvl0", "expire_date": "2025-07-09T06:02:41.436Z"}}, {"model": "sessions.session", "pk": "n52wiapjk1rm8tfdiisfknqgw2rb5njl", "fields": {"session_data": ".eJxVjEEOwiAQRe_C2pAyDAVcuvcMZGBAqoYmpV0Z765NutDtf-_9lwi0rTVsPS9hYnEWSpx-t0jpkdsO-E7tNss0t3WZotwVedAurzPn5-Vw_w4q9fqtMyP6Ygpp6wm1IwXGOZ3AoB1NKaAoa7CDUqNVHiFGZhtdQRyKBZ_F-wPJ6jcg:1uZVSI:lwNa5XOI8LloegQKfJuhr8TtSCtHNlCrZQhXFoL_W0Y", "expire_date": "2025-07-09T14:22:26.525Z"}}, {"model": "sessions.session", "pk": "negp2xsfc4ygbittdzhs7f3zkd06vbru", "fields": {"session_data": ".eJxVjEEOwiAQRe_C2pAyDAVcuvcMZGBAqoYmpV0Z765NutDtf-_9lwi0rTVsPS9hYnEWSpx-t0jpkdsO-E7tNss0t3WZotwVedAurzPn5-Vw_w4q9fqtMyP6Ygpp6wm1IwXGOZ3AoB1NKaAoa7CDUqNVHiFGZhtdQRyKBZ_F-wPJ6jcg:1uYv2M:T5Lc_kMoRzSNdTi3YkurFnUDJ4S5euwE18hXlza7Mtc", "expire_date": "2025-07-07T23:29:14.786Z"}}, {"model": "sessions.session", "pk": "nhl00sqpugqpdn9j6ozseftke4oklx3e", "fields": {"session_data": ".eJxVjEEOwiAQRe_C2pAyDAVcuvcMZGBAqoYmpV0Z765NutDtf-_9lwi0rTVsPS9hYnEWSpx-t0jpkdsO-E7tNss0t3WZotwVedAurzPn5-Vw_w4q9fqtMyP6Ygpp6wm1IwXGOZ3AoB1NKaAoa7CDUqNVHiFGZhtdQRyKBZ_F-wPJ6jcg:1uZAQD:dcYfTBRli3NBvoo55qet55iyJSJVu5cbLZx3PtUSu54", "expire_date": "2025-07-08T15:54:53.972Z"}}, {"model": "sessions.session", "pk": "otjutujcq656g5y8rt89ab7dl9y622yy", "fields": {"session_data": ".eJxVjEEOwiAQRe_C2pAyDAVcuvcMZGBAqoYmpV0Z765NutDtf-_9lwi0rTVsPS9hYnEWSpx-t0jpkdsO-E7tNss0t3WZotwVedAurzPn5-Vw_w4q9fqtMyP6Ygpp6wm1IwXGOZ3AoB1NKaAoa7CDUqNVHiFGZhtdQRyKBZ_F-wPJ6jcg:1uZ80L:kjyiARMUWEH-8mdob8Bh9UfNH1oa7LMYmYrEyryHjic", "expire_date": "2025-07-08T13:20:01.933Z"}}, {"model": "sessions.session", "pk": "pg8klw4oc0z3palpagb4ht81uhq39zne", "fields": {"session_data": ".eJxVjEEOwiAQRe_C2pAyDAVcuvcMZGBAqoYmpV0Z765NutDtf-_9lwi0rTVsPS9hYnEWSpx-t0jpkdsO-E7tNss0t3WZotwVedAurzPn5-Vw_w4q9fqtMyP6Ygpp6wm1IwXGOZ3AoB1NKaAoa7CDUqNVHiFGZhtdQRyKBZ_F-wPJ6jcg:1uYvHi:P_1ouIIo_K_OTgv1nrCY-XwQf8Esw_1c2c-RZ9Tbutg", "expire_date": "2025-07-07T23:45:06.318Z"}}, {"model": "sessions.session", "pk": "rdrcrp0ne1q2bvciu3w0iu9t4cam58zk", "fields": {"session_data": ".eJxVjMsOwiAQRf-FtSHQzhRw6d5vIDM8pGogKe3K-O_apAvd3nPOfQlP21r81tPi5yjOYhSn340pPFLdQbxTvTUZWl2XmeWuyIN2eW0xPS-H-3dQqJdvzQbBjDFAZlCWjSFgl3HKIwyQCG0AHjhMhpXT0VmVUKPVORtNGFUS7w_j3Tfb:1uZ2ay:atezPK5IbNzeiPzOgQhbzVbELNpT4qN5bPgaBOtC1Gw", "expire_date": "2025-07-08T07:33:28.209Z"}}, {"model": "sessions.session", "pk": "uagbk8ddbcibeojg6wxqaxdgurvnyjkh", "fields": {"session_data": ".eJxVjEEOwiAQRe_C2pAyDAVcuvcMZGBAqoYmpV0Z765NutDtf-_9lwi0rTVsPS9hYnEWSpx-t0jpkdsO-E7tNss0t3WZotwVedAurzPn5-Vw_w4q9fqtMyP6Ygpp6wm1IwXGOZ3AoB1NKaAoa7CDUqNVHiFGZhtdQRyKBZ_F-wPJ6jcg:1uZYcs:wVhSfGS5u-9HNaovz1tVBvWAENAYpMFpLfiPcETYcck", "expire_date": "2025-07-09T17:45:34.663Z"}}, {"model": "sessions.session", "pk": "wygqpqr17qv71n5m3h7kch9wr5wz48co", "fields": {"session_data": ".eJxVjEEOwiAQRe_C2pAyDAVcuvcMZGBAqoYmpV0Z765NutDtf-_9lwi0rTVsPS9hYnEWSpx-t0jpkdsO-E7tNss0t3WZotwVedAurzPn5-Vw_w4q9fqtMyP6Ygpp6wm1IwXGOZ3AoB1NKaAoa7CDUqNVHiFGZhtdQRyKBZ_F-wPJ6jcg:1uZbQO:1xTprHZt1euGa8UBENw65EZ1ExHSGnFwMqK_A0jcLo8", "expire_date": "2025-07-09T20:44:52.671Z"}}, {"model": "sessions.session", "pk": "z0i8apcnlz542x0r0z4hprrjg8wtgajo", "fields": {"session_data": "e30:1uZAxP:t6bg_Zm0kIccTm19_hC5DPgpZB34htevIOPWqd6wK84", "expire_date": "2025-07-08T16:29:11.570Z"}}, {"model": "children.child", "pk": "1454", "fields": {"child_name": "Jazilu Ali Idrissa", "child_dob": "2023-07-15", "child_gender": "Male", "child_birth_weight": "2.80", "guardian_name": "Dija Ali", "relationship": "Mother", "guardian_phone": "None", "physical_address": "Mlani Masyasya at namalomba residence near borehole", "agrees_to_fup": "Yes", "mother_status": "Alive OnART", "mother_art_number": "1072", "mother_art_start_date": null}}, {"model": "children.child", "pk": "1489", "fields": {"child_name": "Alima Ngunga", "child_dob": "2023-10-13", "child_gender": "Female", "child_birth_weight": "2.70", "guardian_name": "Aisha Ahamadu", "relationship": "Mother", "guardian_phone": "None", "physical_address": "Chapola near graveyard at Mnomba", "agrees_to_fup": "Yes", "mother_status": "Alive OnART", "mother_art_number": "2837", "mother_art_start_date": "2021-08-30"}}, {"model": "children.child", "pk": "1566", "fields": {"child_name": "Idrissa Frank", "child_dob": "2024-04-11", "child_gender": "Male", "child_birth_weight": "2.30", "guardian_name": "Patricia Usuman", "relationship": "Mother", "guardian_phone": "None", "physical_address": "Moto at Bali's residence near Lake", "agrees_to_fup": "Yes", "mother_status": "Alive OnART", "mother_art_number": "1847", "mother_art_start_date": null}}, {"model": "children.child", "pk": "1640", "fields": {"child_name": "Sainab Majidu", "child_dob": "2024-10-01", "child_gender": "Female", "child_birth_weight": "2.50", "guardian_name": "Sakina Amidu", "relationship": "Mother", "guardian_phone": "None", "physical_address": "Mbuzi @ Bakali residence near borehole", "agrees_to_fup": "Yes", "mother_status": "Alive OnART", "mother_art_number": "1605", "mother_art_start_date": "2017-03-20"}}, {"model": "children.child", "pk": "1672", "fields": {"child_name": "Dija Mdala", "child_dob": "2025-01-01", "child_gender": "Female", "child_birth_weight": "2.80", "guardian_name": "Hajira Mdala", "relationship": "Mother", "guardian_phone": "0988902887", "physical_address": "Chapola near mosque at Mpende residence", "agrees_to_fup": "Yes", "mother_status": "Alive OnART", "mother_art_number": "876", "mother_art_start_date": null}}, {"model": "children.child", "pk": "1674", "fields": {"child_name": "Nazeer Abrahaman", "child_dob": "2025-01-17", "child_gender": "Male", "child_birth_weight": "2.20", "guardian_name": "Hawa Rajab", "relationship": "Mother", "guardian_phone": "0995123289", "physical_address": "Fow behind the market at Adam's residence", "agrees_to_fup": "Yes", "mother_status": "Alive OnART", "mother_art_number": "752", "mother_art_start_date": null}}, {"model": "children.child", "pk": "1675", "fields": {"child_name": "Aisha Allie", "child_dob": "2025-01-17", "child_gender": "Female", "child_birth_weight": "2.90", "guardian_name": "Asiyatu Fosiko", "relationship": "Mother", "guardian_phone": "None", "physical_address": "Chapola near mosque at sefu residence", "agrees_to_fup": "Yes", "mother_status": "Alive OnART", "mother_art_number": "2020", "mother_art_start_date": null}}, {"model": "children.child", "pk": "1676", "fields": {"child_name": "Estery Usi", "child_dob": "2025-01-19", "child_gender": "Female", "child_birth_weight": "2.60", "guardian_name": "Rose Usi", "relationship": "Mother", "guardian_phone": "None", "physical_address": "Ng'ombe near the lake at mhango residence", "agrees_to_fup": "Yes", "mother_status": "Alive OnART", "mother_art_number": "3214", "mother_art_start_date": null}}, {"model": "children.child", "pk": "1678", "fields": {"child_name": "Lukushena Alick", "child_dob": "2025-01-21", "child_gender": "Female", "child_birth_weight": "2.80", "guardian_name": "Asiyatu Billy", "relationship": "Mother", "guardian_phone": "None", "physical_address": "Issa near graveyard at Issa residence ask mai ake a zakiya", "agrees_to_fup": "Yes", "mother_status": "Alive OnART", "mother_art_number": "3008", "mother_art_start_date": null}}, {"model": "children.child", "pk": "1679", "fields": {"child_name": "Sara Adam", "child_dob": "2025-01-31", "child_gender": "Female", "child_birth_weight": "3.40", "guardian_name": "Mariam Adam", "relationship": "Mother", "guardian_phone": "None", "physical_address": "Naluma near Lajab maize meal at Kalino clan", "agrees_to_fup": "Yes", "mother_status": "Alive OnART", "mother_art_number": "2616", "mother_art_start_date": null}}, {"model": "children.child", "pk": "1680", "fields": {"child_name": "Edward Kasimu", "child_dob": "2025-02-03", "child_gender": "Male", "child_birth_weight": "3.00", "guardian_name": "Rose Katengu", "relationship": "Mother", "guardian_phone": "None", "physical_address": "Chilonga near Dam at Windo residence", "agrees_to_fup": "Yes", "mother_status": "Alive OnART", "mother_art_number": "1834", "mother_art_start_date": null}}, {"model": "children.child", "pk": "1681", "fields": {"child_name": "Shalifa Issa", "child_dob": "2025-02-03", "child_gender": "Female", "child_birth_weight": "2.30", "guardian_name": "Zainab John", "relationship": "Mother", "guardian_phone": "None", "physical_address": "Ng'ombe @ Kazembe", "agrees_to_fup": "Yes", "mother_status": "Alive OnART", "mother_art_number": "1743", "mother_art_start_date": null}}, {"model": "children.child", "pk": "1682", "fields": {"child_name": "Junaidi Anisa", "child_dob": "2025-02-02", "child_gender": "Male", "child_birth_weight": "3.20", "guardian_name": "Sakina Iron", "relationship": "Mother", "guardian_phone": "0886743688", "physical_address": "M'doka chowe at Biti Shaibu near Mlambe tree", "agrees_to_fup": "Yes", "mother_status": "Alive OnART", "mother_art_number": "2684", "mother_art_start_date": null}}, {"model": "children.child", "pk": "1683", "fields": {"child_name": "Jazaka Liya", "child_dob": "2025-01-22", "child_gender": "Male", "child_birth_weight": "3.20", "guardian_name": "Lima Liya", "relationship": "Mother", "guardian_phone": "None", "physical_address": "Talia near mosque at muli last mosque", "agrees_to_fup": "Yes", "mother_status": "Alive OnART", "mother_art_number": "1180", "mother_art_start_date": null}}, {"model": "children.child", "pk": "1684", "fields": {"child_name": "Atupele Asima", "child_dob": "2025-01-22", "child_gender": "Female", "child_birth_weight": "3.00", "guardian_name": "Amina Shaibu", "relationship": "Mother", "guardian_phone": "None", "physical_address": "Machakwani at Lilongwe along the lake", "agrees_to_fup": "Yes", "mother_status": "Alive OnART", "mother_art_number": "848", "mother_art_start_date": null}}, {"model": "children.child", "pk": "1685", "fields": {"child_name": "Mariam Mussa", "child_dob": "2025-02-10", "child_gender": "Female", "child_birth_weight": "1.90", "guardian_name": "Patuma Saidi", "relationship": "Mother", "guardian_phone": "None", "physical_address": "Ng'ombe near borehole", "agrees_to_fup": "Yes", "mother_status": "Alive OnART", "mother_art_number": "4744", "mother_art_start_date": null}}, {"model": "children.child", "pk": "1686", "fields": {"child_name": "Chikondi Mussa", "child_dob": "2025-02-10", "child_gender": "Male", "child_birth_weight": "1.70", "guardian_name": "Patuma Saidi", "relationship": "Mother", "guardian_phone": "None", "physical_address": "Ng'ombe near borehole", "agrees_to_fup": "Yes", "mother_status": "Alive OnART", "mother_art_number": "4744", "mother_art_start_date": null}}, {"model": "children.child", "pk": "1687", "fields": {"child_name": "Hanisha Yusufu", "child_dob": "2025-02-12", "child_gender": "Female", "child_birth_weight": "1.90", "guardian_name": "Rose Islam", "relationship": "Mother", "guardian_phone": "None", "physical_address": "Magongwe near Mdalamakumba school", "agrees_to_fup": "Yes", "mother_status": "Alive OnART", "mother_art_number": "13", "mother_art_start_date": null}}, {"model": "children.child", "pk": "1688", "fields": {"child_name": "Amina Namwera", "child_dob": "2025-02-12", "child_gender": "Female", "child_birth_weight": "3.30", "guardian_name": "Aisha Wayala", "relationship": "Mother", "guardian_phone": "None", "physical_address": "Kapinjiri near Mosque", "agrees_to_fup": "Yes", "mother_status": "Alive OnART", "mother_art_number": null, "mother_art_start_date": null}}, {"model": "children.child", "pk": "1692", "fields": {"child_name": "Mirriam Mustafa", "child_dob": "2025-01-10", "child_gender": "Female", "child_birth_weight": "3.00", "guardian_name": "Mirriam Mustafa", "relationship": "Mother", "guardian_phone": "None", "physical_address": "Chilonga at che Window", "agrees_to_fup": "Yes", "mother_status": "Alive OnART", "mother_art_number": "639", "mother_art_start_date": "2020-04-09"}}, {"model": "children.child", "pk": "1693", "fields": {"child_name": "Fahim Yahaya", "child_dob": "2025-02-24", "child_gender": "Male", "child_birth_weight": "3.10", "guardian_name": "Mariam Yahaya", "relationship": "Mother", "guardian_phone": "None", "physical_address": "Chapola at biti majawa residence near market", "agrees_to_fup": "Yes", "mother_status": "Alive OnART", "mother_art_number": "2766", "mother_art_start_date": null}}, {"model": "children.child", "pk": "1694", "fields": {"child_name": "Hanilu Jawadu", "child_dob": "2025-02-27", "child_gender": "Male", "child_birth_weight": "3.30", "guardian_name": "Stella Lucius", "relationship": "Mother", "guardian_phone": "None", "physical_address": "Rashid at Mwase's Residence", "agrees_to_fup": "Yes", "mother_status": "Alive OnART", "mother_art_number": "3186", "mother_art_start_date": null}}, {"model": "children.child", "pk": "1696", "fields": {"child_name": "Hanifu Janes", "child_dob": "2025-03-07", "child_gender": "Male", "child_birth_weight": "2.30", "guardian_name": "Kuseka William", "relationship": "Mother", "guardian_phone": "None", "physical_address": "Mlanimasyasya at chesomba's residence near river", "agrees_to_fup": "Yes", "mother_status": "Alive OnART", "mother_art_number": null, "mother_art_start_date": null}}, {"model": "children.child", "pk": "1699", "fields": {"child_name": "Gloria Wilson", "child_dob": "2025-03-19", "child_gender": "Female", "child_birth_weight": "3.00", "guardian_name": "Veronica Moses", "relationship": "Mother", "guardian_phone": "None", "physical_address": "matukuta at Raphael Residence", "agrees_to_fup": "Yes", "mother_status": "Alive OnART", "mother_art_number": "2184", "mother_art_start_date": null}}, {"model": "children.child", "pk": "1702", "fields": {"child_name": "Issa Msusa", "child_dob": "2025-03-22", "child_gender": "Male", "child_birth_weight": "3.30", "guardian_name": "Marriam Saiti", "relationship": "Mother", "guardian_phone": "None", "physical_address": "Ng'ombe near borehole at safari residence", "agrees_to_fup": "Yes", "mother_status": "Alive OnART", "mother_art_number": "1996", "mother_art_start_date": null}}, {"model": "children.child", "pk": "1703", "fields": {"child_name": "Blisseings Dyason", "child_dob": "2025-04-08", "child_gender": "Male", "child_birth_weight": "1.90", "guardian_name": "Grace Banda", "relationship": "Mother", "guardian_phone": "None", "physical_address": "Fowo at Ndileya's residence near borehole", "agrees_to_fup": "Yes", "mother_status": "Alive OnART", "mother_art_number": "1277", "mother_art_start_date": null}}, {"model": "children.child", "pk": "1704", "fields": {"child_name": "Paulos Dyson", "child_dob": "2025-04-08", "child_gender": "Male", "child_birth_weight": "1.60", "guardian_name": "Grace Panda", "relationship": "Mother", "guardian_phone": "None", "physical_address": "Fowo at Ndileya's residence near borehole", "agrees_to_fup": "Yes", "mother_status": "Alive OnART", "mother_art_number": "1277", "mother_art_start_date": null}}, {"model": "children.child", "pk": "1705", "fields": {"child_name": "Zainab Jonasi", "child_dob": "2025-04-08", "child_gender": "Female", "child_birth_weight": "2.90", "guardian_name": "Maria Namate", "relationship": "Mother", "guardian_phone": "None", "physical_address": "Issa near the village headman at holande residence", "agrees_to_fup": "Yes", "mother_status": "Alive OnART", "mother_art_number": "238", "mother_art_start_date": null}}, {"model": "children.child", "pk": "1707", "fields": {"child_name": "Lilian Chikumbutso", "child_dob": "2025-04-10", "child_gender": "Female", "child_birth_weight": "2.70", "guardian_name": "Halima Frank", "relationship": "Mother", "guardian_phone": "None", "physical_address": "Rashid near borehole at frank trace residence", "agrees_to_fup": "Yes", "mother_status": "Alive OnART", "mother_art_number": "3370", "mother_art_start_date": "2024-12-16"}}, {"model": "children.child", "pk": "1708", "fields": {"child_name": "Felix Kaluwa", "child_dob": "2025-04-14", "child_gender": "Male", "child_birth_weight": "3.20", "guardian_name": "Sumaya William", "relationship": "Mother", "guardian_phone": "None", "physical_address": "Ng'ombe at Kalowo residence near lake", "agrees_to_fup": "Yes", "mother_status": "Alive OnART", "mother_art_number": "3351", "mother_art_start_date": null}}, {"model": "children.child", "pk": "1709", "fields": {"child_name": "Bibi Mbaya", "child_dob": "2025-02-04", "child_gender": "Female", "child_birth_weight": "2.40", "guardian_name": "Mbuseje Msusa", "relationship": "Mother", "guardian_phone": "None", "physical_address": "Biti kalanje at Piyasi", "agrees_to_fup": "Yes", "mother_status": "Alive OnART", "mother_art_number": "150", "mother_art_start_date": "2012-02-29"}}, {"model": "children.child", "pk": "1710", "fields": {"child_name": "Atupele Rashid", "child_dob": "2025-04-08", "child_gender": "Female", "child_birth_weight": "2.50", "guardian_name": "Asiyatu Imedi", "relationship": "Mother", "guardian_phone": "None", "physical_address": "Mtaka 2 near nursery school sign post at sabiti", "agrees_to_fup": "Yes", "mother_status": "Alive OnART", "mother_art_number": "3051", "mother_art_start_date": null}}, {"model": "children.child", "pk": "1711", "fields": {"child_name": "Ishmael Mbwana", "child_dob": "2025-04-19", "child_gender": "Male", "child_birth_weight": "2.80", "guardian_name": "Jackreen Leonard", "relationship": "Mother", "guardian_phone": "None", "physical_address": "Mbuzi near mosque at Mapudi", "agrees_to_fup": "Yes", "mother_status": "Alive OnART", "mother_art_number": "1520", "mother_art_start_date": null}}, {"model": "children.child", "pk": "1714", "fields": {"child_name": "Shaniya Ajison", "child_dob": "2025-04-28", "child_gender": "Female", "child_birth_weight": "3.30", "guardian_name": "Asiyatu Jali", "relationship": "Mother", "guardian_phone": "None", "physical_address": "Mpundi at Pausanda's residence near graveyard", "agrees_to_fup": "Yes", "mother_status": "Alive OnART", "mother_art_number": null, "mother_art_start_date": null}}, {"model": "children.child", "pk": "1715", "fields": {"child_name": "Lashima Akidu", "child_dob": "2025-04-29", "child_gender": "Female", "child_birth_weight": "3.30", "guardian_name": "Lima Majidu", "relationship": "Mother", "guardian_phone": "None", "physical_address": "Ng'ombe at Mandiwaza's residence near shops", "agrees_to_fup": "Yes", "mother_status": "Alive OnART", "mother_art_number": "2323", "mother_art_start_date": null}}, {"model": "children.child", "pk": "1716", "fields": {"child_name": "Razack Twaibu", "child_dob": "2025-05-02", "child_gender": "Male", "child_birth_weight": "3.60", "guardian_name": "Edina Twaibu", "relationship": "Mother", "guardian_phone": "None", "physical_address": "Chapola near the Lake at Mr usuman's Residence", "agrees_to_fup": "Yes", "mother_status": "Alive OnART", "mother_art_number": "596", "mother_art_start_date": "2013-11-26"}}, {"model": "children.child", "pk": "1717", "fields": {"child_name": "Charity Jannatu", "child_dob": "2025-05-12", "child_gender": "Female", "child_birth_weight": "2.90", "guardian_name": "Dija Kazembe", "relationship": "Mother", "guardian_phone": "None", "physical_address": "Mpundi", "agrees_to_fup": "Yes", "mother_status": "Alive OnART", "mother_art_number": "1449", "mother_art_start_date": null}}, {"model": "children.child", "pk": "1718", "fields": {"child_name": "Abdulrazack Kalisa", "child_dob": "2025-04-22", "child_gender": "Male", "child_birth_weight": "3.00", "guardian_name": "Fatima Anafi", "relationship": "Mother", "guardian_phone": "0885481060", "physical_address": "Mdala at abiti Mussa at Baobab tree after lugola primary", "agrees_to_fup": "Yes", "mother_status": "Alive OnART", "mother_art_number": "2834", "mother_art_start_date": null}}, {"model": "children.child", "pk": "1719", "fields": {"child_name": "Sallina John", "child_dob": "2025-05-28", "child_gender": "Female", "child_birth_weight": "3.00", "guardian_name": "Hawa Abudu", "relationship": "Mother", "guardian_phone": "None", "physical_address": "Biti kalanje at Biti Yasin's residence near football groung", "agrees_to_fup": "Yes", "mother_status": "Alive OnART", "mother_art_number": "2417", "mother_art_start_date": null}}, {"model": "children.child", "pk": "1720", "fields": {"child_name": "Jamila Yusuf", "child_dob": "2025-03-16", "child_gender": "Female", "child_birth_weight": "3.00", "guardian_name": "Zalia Belo", "relationship": "Mother", "guardian_phone": "None", "physical_address": "Chapola at Chitambo near lake", "agrees_to_fup": "Yes", "mother_status": "Alive OnART", "mother_art_number": "464", "mother_art_start_date": null}}, {"model": "children.child", "pk": "1722", "fields": {"child_name": "Abdul Saiti", "child_dob": "2025-05-31", "child_gender": "Male", "child_birth_weight": "2.70", "guardian_name": "Pakombwere Alli", "relationship": "Mother", "guardian_phone": "None", "physical_address": "Mpundi near Mosque at Mtola", "agrees_to_fup": "Yes", "mother_status": "Alive OnART", "mother_art_number": "000", "mother_art_start_date": "1900-01-01"}}, {"model": "children.child", "pk": "1723", "fields": {"child_name": "Zainab Abdul", "child_dob": "2025-06-01", "child_gender": "Female", "child_birth_weight": "3.50", "guardian_name": "Maimuna Usseni", "relationship": "Mother", "guardian_phone": "None", "physical_address": "Chapola near borehole at Windimedi residence", "agrees_to_fup": "Yes", "mother_status": "Alive OnART", "mother_art_number": "2716", "mother_art_start_date": "2020-12-22"}}, {"model": "children.child", "pk": "1724", "fields": {"child_name": "Grace Asedi", "child_dob": "2025-06-06", "child_gender": "Female", "child_birth_weight": "3.00", "guardian_name": "Asiyatu Geofrey", "relationship": "Mother", "guardian_phone": "None", "physical_address": "Mwanjati near Mwanjati Primary", "agrees_to_fup": "Yes", "mother_status": "Alive OnART", "mother_art_number": "1834", "mother_art_start_date": "1900-01-01"}}, {"model": "children.child", "pk": "1725", "fields": {"child_name": "Lucia Geofrey", "child_dob": "2025-06-10", "child_gender": "Female", "child_birth_weight": "3.20", "guardian_name": "Grace Alli", "relationship": "Mother", "guardian_phone": "None", "physical_address": "Mpundi near Manyumba ten at Samuel Kanjoka's Residence", "agrees_to_fup": "Yes", "mother_status": "Alive OnART", "mother_art_number": "2334", "mother_art_start_date": "2019-03-21"}}, {"model": "children.child", "pk": "1726", "fields": {"child_name": "Haji Asick", "child_dob": "2025-06-14", "child_gender": "Male", "child_birth_weight": "3.20", "guardian_name": "Hawa Kasimu", "relationship": "Mother", "guardian_phone": "None", "physical_address": "Ng'ombe at Twaibu's residence near borehole", "agrees_to_fup": "Yes", "mother_status": "Alive OnART", "mother_art_number": "3050", "mother_art_start_date": "2020-02-28"}}, {"model": "children.child", "pk": "1727", "fields": {"child_name": "Falida Nufu", "child_dob": "2025-06-16", "child_gender": "Female", "child_birth_weight": "2.00", "guardian_name": "Labia Anafi", "relationship": "Mother", "guardian_phone": "None", "physical_address": "Chapola At Mbobo's Residence near Borehole", "agrees_to_fup": "Yes", "mother_status": "Alive OnART", "mother_art_number": "809", "mother_art_start_date": "2014-09-01"}}, {"model": "children.child", "pk": "1730", "fields": {"child_name": "Bonomali Jella", "child_dob": "2025-06-22", "child_gender": "Male", "child_birth_weight": "2.70", "guardian_name": "Patuma Jella", "relationship": "Mother", "guardian_phone": "None", "physical_address": "Liwale at Makawa near ground and borehole", "agrees_to_fup": "Yes", "mother_status": "Alive OnART", "mother_art_number": "2464", "mother_art_start_date": "2018-04-25"}}, {"model": "children.child", "pk": "1731", "fields": {"child_name": "Saudi Issa", "child_dob": "2025-06-15", "child_gender": "Male", "child_birth_weight": "3.00", "guardian_name": "Maimuna Time", "relationship": "Mother", "guardian_phone": "None", "physical_address": "Mwanjati near Chikwangwani cha Mwanjati Primary Schook ask for a telala a time", "agrees_to_fup": "Yes", "mother_status": "Alive OnART", "mother_art_number": "3392", "mother_art_start_date": "2025-02-24"}}, {"model": "children.child", "pk": "1732", "fields": {"child_name": "Shabilu Kassimu", "child_dob": "2025-05-15", "child_gender": "Male", "child_birth_weight": "2.60", "guardian_name": "Bibi Oliva", "relationship": "Mother", "guardian_phone": "None", "physical_address": "Matukuta at Bonomali near Miwawe", "agrees_to_fup": "Yes", "mother_status": "Alive OnART", "mother_art_number": "2085", "mother_art_start_date": "2018-06-28"}}, {"model": "children.child", "pk": "1734", "fields": {"child_name": "Rajifu Seleman", "child_dob": "2025-07-01", "child_gender": "Male", "child_birth_weight": "2.80", "guardian_name": "Emele Rabson", "relationship": "Mother", "guardian_phone": "None", "physical_address": "Ng'ombe near football ground at chikoko residence", "agrees_to_fup": "Yes", "mother_status": "Alive OnART", "mother_art_number": "2314", "mother_art_start_date": "2019-02-21"}}, {"model": "children.childvisit", "pk": 4, "fields": {"child": "1566", "visit_date": "2025-07-08", "height": "71.00", "weight": "8.50", "muac": "13.0", "wasting": "No", "breastfeeding": "M", "mother_art_status": "On ART", "clinical_monitoring": "NAD", "hiv_testing": "No", "infection_status": "D", "drug_given": "CPT", "cpt_given": 180, "follow_up_outcome": "Con", "next_appointment_or_outcome_date": "2025-10-03"}}, {"model": "children.childvisit", "pk": 5, "fields": {"child": "1723", "visit_date": "2025-07-08", "height": "52.00", "weight": null, "muac": null, "wasting": "No", "breastfeeding": "Exc", "mother_art_status": "On ART", "clinical_monitoring": "NAD", "hiv_testing": "Dbs", "infection_status": "D", "drug_given": "CPT", "cpt_given": 90, "follow_up_outcome": "Con", "next_appointment_or_outcome_date": "2025-10-10"}}, {"model": "children.childvisit", "pk": 6, "fields": {"child": "1489", "visit_date": "2025-07-08", "height": "80.00", "weight": "9.70", "muac": "13.9", "wasting": "No", "breastfeeding": "<6", "mother_art_status": "On ART", "clinical_monitoring": "NAD", "hiv_testing": "No", "infection_status": "D", "drug_given": "CPT", "cpt_given": 180, "follow_up_outcome": "Con", "next_appointment_or_outcome_date": "2025-10-03"}}, {"model": "children.childvisit", "pk": 8, "fields": {"child": "1719", "visit_date": "2025-07-09", "height": "52.00", "weight": null, "muac": null, "wasting": "No", "breastfeeding": "Exc", "mother_art_status": "On ART", "clinical_monitoring": "NAD", "hiv_testing": "Dbs", "infection_status": "D", "drug_given": "CPT", "cpt_given": 30, "follow_up_outcome": "Con", "next_appointment_or_outcome_date": "2025-08-08"}}, {"model": "children.childvisit", "pk": 9, "fields": {"child": "1454", "visit_date": "2025-07-09", "height": null, "weight": null, "muac": null, "wasting": null, "breastfeeding": null, "mother_art_status": null, "clinical_monitoring": null, "hiv_testing": "Rt", "infection_status": "C", "drug_given": "CPT", "cpt_given": null, "follow_up_outcome": "Dis", "next_appointment_or_outcome_date": "2025-07-09"}}, {"model": "children.childvisit", "pk": 10, "fields": {"child": "1640", "visit_date": "2025-07-09", "height": "70.00", "weight": "8.80", "muac": "14.5", "wasting": "No", "breastfeeding": "M", "mother_art_status": "On ART", "clinical_monitoring": "NAD", "hiv_testing": "No", "infection_status": "D", "drug_given": "CPT", "cpt_given": 180, "follow_up_outcome": "Con", "next_appointment_or_outcome_date": "2025-10-04"}}, {"model": "children.childvisit", "pk": 11, "fields": {"child": "1734", "visit_date": "2025-07-08", "height": null, "weight": "2.80", "muac": null, "wasting": "No", "breastfeeding": "Exc", "mother_art_status": "On ART", "clinical_monitoring": "NAD", "hiv_testing": "No", "infection_status": "C", "drug_given": "NVP", "cpt_given": 105, "follow_up_outcome": "Con", "next_appointment_or_outcome_date": "2025-08-08"}}, {"model": "children.childvisit", "pk": 12, "fields": {"child": "1730", "visit_date": "2025-06-22", "height": null, "weight": "2.70", "muac": null, "wasting": "No", "breastfeeding": "Exc", "mother_art_status": "On ART", "clinical_monitoring": "NAD", "hiv_testing": "No", "infection_status": "C", "drug_given": "NVP", "cpt_given": 200, "follow_up_outcome": "Con", "next_appointment_or_outcome_date": "2025-08-04"}}, {"model": "children.childvisit", "pk": 13, "fields": {"child": "1731", "visit_date": "2025-06-15", "height": null, "weight": "3.00", "muac": null, "wasting": "No", "breastfeeding": "Exc", "mother_art_status": "On ART", "clinical_monitoring": "NAD", "hiv_testing": "No", "infection_status": "C", "drug_given": "2P", "cpt_given": 60, "follow_up_outcome": "Con", "next_appointment_or_outcome_date": "2025-07-31"}}, {"model": "children.childvisit", "pk": 14, "fields": {"child": "1726", "visit_date": "2025-06-14", "height": null, "weight": "3.20", "muac": null, "wasting": "No", "breastfeeding": "Exc", "mother_art_status": "On ART", "clinical_monitoring": "NAD", "hiv_testing": "No", "infection_status": "C", "drug_given": "NVP", "cpt_given": null, "follow_up_outcome": "Con", "next_appointment_or_outcome_date": "2025-07-25"}}, {"model": "children.childvisit", "pk": 15, "fields": {"child": "1725", "visit_date": "2025-06-10", "height": null, "weight": "3.20", "muac": null, "wasting": "No", "breastfeeding": "Exc", "mother_art_status": "On ART", "clinical_monitoring": "NAD", "hiv_testing": "No", "infection_status": "C", "drug_given": "NVP", "cpt_given": null, "follow_up_outcome": "Con", "next_appointment_or_outcome_date": "2025-07-23"}}, {"model": "children.childvisit", "pk": 16, "fields": {"child": "1727", "visit_date": "2025-06-16", "height": null, "weight": "2.00", "muac": null, "wasting": "No", "breastfeeding": "Exc", "mother_art_status": "On ART", "clinical_monitoring": "NAD", "hiv_testing": "No", "infection_status": "C", "drug_given": "NVP", "cpt_given": null, "follow_up_outcome": "Con", "next_appointment_or_outcome_date": "2025-07-25"}}, {"model": "children.childvisit", "pk": 17, "fields": {"child": "1722", "visit_date": "2025-06-06", "height": null, "weight": "2.70", "muac": null, "wasting": "No", "breastfeeding": "Exc", "mother_art_status": "On ART", "clinical_monitoring": "NAD", "hiv_testing": "No", "infection_status": "C", "drug_given": "NVP", "cpt_given": null, "follow_up_outcome": "Con", "next_appointment_or_outcome_date": "2025-07-14"}}, {"model": "children.childvisit", "pk": 18, "fields": {"child": "1716", "visit_date": "2025-05-02", "height": null, "weight": "3.60", "muac": null, "wasting": "No", "breastfeeding": "Exc", "mother_art_status": "On ART", "clinical_monitoring": "NAD", "hiv_testing": "No", "infection_status": "C", "drug_given": "NVP", "cpt_given": 200, "follow_up_outcome": "Con", "next_appointment_or_outcome_date": "2025-06-13"}}, {"model": "children.childvisit", "pk": 19, "fields": {"child": "1716", "visit_date": "2025-06-13", "height": "58.00", "weight": "6.10", "muac": null, "wasting": "No", "breastfeeding": "Exc", "mother_art_status": "On ART", "clinical_monitoring": "NAD", "hiv_testing": "Dbs", "infection_status": "A", "drug_given": "CPT", "cpt_given": 180, "follow_up_outcome": "Con", "next_appointment_or_outcome_date": "2025-08-06"}}, {"model": "children.childvisit", "pk": 20, "fields": {"child": "1732", "visit_date": "2025-05-15", "height": null, "weight": "2.60", "muac": null, "wasting": "No", "breastfeeding": "Exc", "mother_art_status": "On ART", "clinical_monitoring": "NAD", "hiv_testing": "No", "infection_status": "C", "drug_given": "NVP", "cpt_given": 200, "follow_up_outcome": "Con", "next_appointment_or_outcome_date": "2025-06-30"}}, {"model": "children.childvisit", "pk": 21, "fields": {"child": "1732", "visit_date": "2025-06-30", "height": "54.00", "weight": "4.80", "muac": null, "wasting": "No", "breastfeeding": "Exc", "mother_art_status": "On ART", "clinical_monitoring": "NAD", "hiv_testing": "Dbs", "infection_status": "C", "drug_given": "CPT", "cpt_given": 90, "follow_up_outcome": "Con", "next_appointment_or_outcome_date": "2025-10-03"}}, {"model": "children.childvisit", "pk": 22, "fields": {"child": "1717", "visit_date": "2025-05-12", "height": null, "weight": "2.90", "muac": null, "wasting": "No", "breastfeeding": "Exc", "mother_art_status": "On ART", "clinical_monitoring": "NAD", "hiv_testing": "No", "infection_status": "C", "drug_given": "NVP", "cpt_given": 200, "follow_up_outcome": "Con", "next_appointment_or_outcome_date": "2025-06-23"}}, {"model": "children.childvisit", "pk": 23, "fields": {"child": "1717", "visit_date": "2025-06-26", "height": "54.00", "weight": "5.00", "muac": null, "wasting": "No", "breastfeeding": "Exc", "mother_art_status": "On ART", "clinical_monitoring": "NAD", "hiv_testing": "Dbs", "infection_status": "C", "drug_given": "CPT", "cpt_given": 90, "follow_up_outcome": "Con", "next_appointment_or_outcome_date": "2025-10-03"}}, {"model": "children.childvisit", "pk": 24, "fields": {"child": "1708", "visit_date": "2025-04-15", "height": null, "weight": "3.20", "muac": null, "wasting": "No", "breastfeeding": "Exc", "mother_art_status": "On ART", "clinical_monitoring": "NAD", "hiv_testing": "No", "infection_status": "C", "drug_given": "NVP", "cpt_given": 200, "follow_up_outcome": "Con", "next_appointment_or_outcome_date": "2025-05-30"}}, {"model": "children.childvisit", "pk": 25, "fields": {"child": "1708", "visit_date": "2025-05-30", "height": null, "weight": "5.20", "muac": null, "wasting": "No", "breastfeeding": "Exc", "mother_art_status": "On ART", "clinical_monitoring": "NAD", "hiv_testing": "Dbs", "infection_status": "A", "drug_given": "CPT", "cpt_given": 30, "follow_up_outcome": "Con", "next_appointment_or_outcome_date": "2025-06-27"}}, {"model": "children.childvisit", "pk": 26, "fields": {"child": "1708", "visit_date": "2025-06-30", "height": "59.00", "weight": "6.00", "muac": null, "wasting": "No", "breastfeeding": "Exc", "mother_art_status": "On ART", "clinical_monitoring": "NAD", "hiv_testing": "No", "infection_status": "C", "drug_given": "CPT", "cpt_given": 180, "follow_up_outcome": "Con", "next_appointment_or_outcome_date": "2025-09-19"}}, {"model": "children.childvisit", "pk": 27, "fields": {"child": "1714", "visit_date": "2025-04-28", "height": null, "weight": "3.30", "muac": null, "wasting": "No", "breastfeeding": "Exc", "mother_art_status": "On ART", "clinical_monitoring": "NAD", "hiv_testing": "No", "infection_status": "C", "drug_given": "NVP", "cpt_given": 200, "follow_up_outcome": "Con", "next_appointment_or_outcome_date": "2025-06-13"}}, {"model": "children.childvisit", "pk": 28, "fields": {"child": "1715", "visit_date": "2025-04-29", "height": null, "weight": "3.30", "muac": null, "wasting": "No", "breastfeeding": "Exc", "mother_art_status": "On ART", "clinical_monitoring": "NAD", "hiv_testing": "No", "infection_status": "C", "drug_given": "NVP", "cpt_given": 200, "follow_up_outcome": "Con", "next_appointment_or_outcome_date": "2025-06-13"}}, {"model": "children.childvisit", "pk": 29, "fields": {"child": "1715", "visit_date": "2025-06-13", "height": "58.00", "weight": "5.50", "muac": null, "wasting": "No", "breastfeeding": "Exc", "mother_art_status": "On ART", "clinical_monitoring": "NAD", "hiv_testing": "Dbs", "infection_status": "A", "drug_given": "CPT", "cpt_given": 90, "follow_up_outcome": "Con", "next_appointment_or_outcome_date": "2025-09-05"}}, {"model": "children.childvisit", "pk": 30, "fields": {"child": "1710", "visit_date": "2025-04-16", "height": null, "weight": "2.80", "muac": null, "wasting": "No", "breastfeeding": "Exc", "mother_art_status": "No ART", "clinical_monitoring": "NAD", "hiv_testing": "No", "infection_status": "C", "drug_given": "NVP", "cpt_given": 200, "follow_up_outcome": "Con", "next_appointment_or_outcome_date": "2025-05-20"}}, {"model": "children.childvisit", "pk": 31, "fields": {"child": "1710", "visit_date": "2025-05-20", "height": "56.00", "weight": "4.50", "muac": null, "wasting": "No", "breastfeeding": "Exc", "mother_art_status": "On ART", "clinical_monitoring": "NAD", "hiv_testing": "No", "infection_status": "C", "drug_given": "CPT", "cpt_given": 60, "follow_up_outcome": "Con", "next_appointment_or_outcome_date": "2025-07-11"}}, {"model": "children.childvisit", "pk": 32, "fields": {"child": "1703", "visit_date": "2025-04-08", "height": null, "weight": "1.90", "muac": null, "wasting": "No", "breastfeeding": "Exc", "mother_art_status": "On ART", "clinical_monitoring": "NAD", "hiv_testing": "No", "infection_status": "C", "drug_given": "NVP", "cpt_given": 200, "follow_up_outcome": "Con", "next_appointment_or_outcome_date": "2025-05-23"}}, {"model": "children.childvisit", "pk": 33, "fields": {"child": "1703", "visit_date": "2025-06-06", "height": "47.00", "weight": "2.90", "muac": null, "wasting": "No", "breastfeeding": "Exc", "mother_art_status": "On ART", "clinical_monitoring": "NAD", "hiv_testing": "Dbs", "infection_status": "A", "drug_given": "CPT", "cpt_given": 120, "follow_up_outcome": "Con", "next_appointment_or_outcome_date": "2025-10-02"}}, {"model": "children.childvisit", "pk": 34, "fields": {"child": "1704", "visit_date": "2025-04-08", "height": null, "weight": "1.60", "muac": null, "wasting": "No", "breastfeeding": "Exc", "mother_art_status": "On ART", "clinical_monitoring": "NAD", "hiv_testing": "Dbs", "infection_status": "A", "drug_given": "NVP", "cpt_given": 200, "follow_up_outcome": "Con", "next_appointment_or_outcome_date": "2025-05-23"}}, {"model": "children.childvisit", "pk": 35, "fields": {"child": "1704", "visit_date": "2025-06-06", "height": "47.00", "weight": "3.20", "muac": null, "wasting": "No", "breastfeeding": "Exc", "mother_art_status": "On ART", "clinical_monitoring": "NAD", "hiv_testing": "Dbs", "infection_status": "A", "drug_given": "CPT", "cpt_given": 120, "follow_up_outcome": "Con", "next_appointment_or_outcome_date": "2025-10-02"}}, {"model": "children.childvisit", "pk": 36, "fields": {"child": "1718", "visit_date": "2025-05-28", "height": "51.00", "weight": "5.50", "muac": null, "wasting": "No", "breastfeeding": "Exc", "mother_art_status": "On ART", "clinical_monitoring": "NAD", "hiv_testing": "No", "infection_status": "C", "drug_given": "NVP", "cpt_given": 200, "follow_up_outcome": "Con", "next_appointment_or_outcome_date": "2025-06-05"}}, {"model": "children.childvisit", "pk": 37, "fields": {"child": "1718", "visit_date": "2025-06-06", "height": "51.00", "weight": "5.50", "muac": null, "wasting": "No", "breastfeeding": "Exc", "mother_art_status": "On ART", "clinical_monitoring": "NAD", "hiv_testing": "Dbs", "infection_status": "A", "drug_given": "CPT", "cpt_given": 90, "follow_up_outcome": "Con", "next_appointment_or_outcome_date": "2025-09-03"}}, {"model": "children.childvisit", "pk": 38, "fields": {"child": "1705", "visit_date": "2025-04-09", "height": null, "weight": "2.90", "muac": null, "wasting": "No", "breastfeeding": "Exc", "mother_art_status": "On ART", "clinical_monitoring": "NAD", "hiv_testing": "No", "infection_status": "C", "drug_given": "NVP", "cpt_given": 100, "follow_up_outcome": "Con", "next_appointment_or_outcome_date": "2025-05-23"}}, {"model": "children.childvisit", "pk": 39, "fields": {"child": "1705", "visit_date": "2025-06-06", "height": "52.00", "weight": "5.00", "muac": null, "wasting": "No", "breastfeeding": "Exc", "mother_art_status": "On ART", "clinical_monitoring": "NAD", "hiv_testing": "Dbs", "infection_status": "C", "drug_given": "CPT", "cpt_given": 90, "follow_up_outcome": "Con", "next_appointment_or_outcome_date": "2025-09-05"}}, {"model": "children.childvisit", "pk": 40, "fields": {"child": "1707", "visit_date": "2025-04-10", "height": null, "weight": "2.70", "muac": null, "wasting": "No", "breastfeeding": "Exc", "mother_art_status": "On ART", "clinical_monitoring": "NAD", "hiv_testing": "No", "infection_status": "C", "drug_given": "NVP", "cpt_given": 100, "follow_up_outcome": "Con", "next_appointment_or_outcome_date": "2025-05-23"}}, {"model": "children.childvisit", "pk": 41, "fields": {"child": "1707", "visit_date": "2025-07-01", "height": null, "weight": "58.00", "muac": null, "wasting": "No", "breastfeeding": "Exc", "mother_art_status": "On ART", "clinical_monitoring": "NAD", "hiv_testing": "Dbs", "infection_status": "C", "drug_given": "CPT", "cpt_given": 90, "follow_up_outcome": "Con", "next_appointment_or_outcome_date": "2025-09-19"}}, {"model": "children.childvisit", "pk": 42, "fields": {"child": "1711", "visit_date": "2025-04-19", "height": null, "weight": "2.80", "muac": null, "wasting": "No", "breastfeeding": "Exc", "mother_art_status": "On ART", "clinical_monitoring": "NAD", "hiv_testing": "No", "infection_status": "C", "drug_given": "NVP", "cpt_given": 200, "follow_up_outcome": "Con", "next_appointment_or_outcome_date": "2025-05-30"}}, {"model": "children.childvisit", "pk": 43, "fields": {"child": "1711", "visit_date": "2025-05-30", "height": "53.00", "weight": "5.00", "muac": null, "wasting": "No", "breastfeeding": "Exc", "mother_art_status": "On ART", "clinical_monitoring": "NAD", "hiv_testing": "Dbs", "infection_status": "A", "drug_given": "CPT", "cpt_given": 90, "follow_up_outcome": "Con", "next_appointment_or_outcome_date": "2025-08-08"}}, {"model": "children.childvisit", "pk": 44, "fields": {"child": "1702", "visit_date": "2025-03-23", "height": null, "weight": "3.30", "muac": null, "wasting": "No", "breastfeeding": "Exc", "mother_art_status": "On ART", "clinical_monitoring": "NAD", "hiv_testing": "No", "infection_status": "C", "drug_given": "NVP", "cpt_given": 100, "follow_up_outcome": "Con", "next_appointment_or_outcome_date": "2025-05-09"}}, {"model": "children.childvisit", "pk": 45, "fields": {"child": "1720", "visit_date": "2025-05-30", "height": "59.00", "weight": "5.90", "muac": null, "wasting": "No", "breastfeeding": "Exc", "mother_art_status": "On ART", "clinical_monitoring": "NAD", "hiv_testing": "Dbs", "infection_status": "C", "drug_given": "CPT", "cpt_given": 90, "follow_up_outcome": "Con", "next_appointment_or_outcome_date": "2025-08-22"}}, {"model": "children.childvisit", "pk": 46, "fields": {"child": "1699", "visit_date": "2025-06-26", "height": null, "weight": null, "muac": null, "wasting": "No", "breastfeeding": "Exc", "mother_art_status": "On ART", "clinical_monitoring": "NAD", "hiv_testing": "No", "infection_status": "C", "drug_given": null, "cpt_given": null, "follow_up_outcome": "To", "next_appointment_or_outcome_date": "2025-06-26"}}, {"model": "children.childvisit", "pk": 47, "fields": {"child": "1696", "visit_date": "2025-04-18", "height": null, "weight": "3.40", "muac": null, "wasting": "No", "breastfeeding": "Exc", "mother_art_status": "On ART", "clinical_monitoring": "NAD", "hiv_testing": "No", "infection_status": "C", "drug_given": "CPT", "cpt_given": 90, "follow_up_outcome": "Con", "next_appointment_or_outcome_date": "2025-07-16"}}, {"model": "children.childvisit", "pk": 48, "fields": {"child": "1685", "visit_date": "2025-03-28", "height": "49.00", "weight": "3.80", "muac": null, "wasting": "No", "breastfeeding": "Exc", "mother_art_status": "On ART", "clinical_monitoring": "NAD", "hiv_testing": "Dbs", "infection_status": "A", "drug_given": "CPT", "cpt_given": 91, "follow_up_outcome": "Con", "next_appointment_or_outcome_date": "2025-06-20"}}, {"model": "children.childvisit", "pk": 49, "fields": {"child": "1686", "visit_date": "2025-03-28", "height": "50.10", "weight": "4.00", "muac": null, "wasting": "No", "breastfeeding": "Exc", "mother_art_status": "On ART", "clinical_monitoring": "NAD", "hiv_testing": "Dbs", "infection_status": "A", "drug_given": "CPT", "cpt_given": 90, "follow_up_outcome": "Con", "next_appointment_or_outcome_date": "2025-06-20"}}, {"model": "children.childvisit", "pk": 50, "fields": {"child": "1709", "visit_date": "2025-04-15", "height": null, "weight": null, "muac": null, "wasting": "No", "breastfeeding": "Exc", "mother_art_status": "On ART", "clinical_monitoring": "NAD", "hiv_testing": "Dbs", "infection_status": "A", "drug_given": "CPT", "cpt_given": 90, "follow_up_outcome": "Con", "next_appointment_or_outcome_date": "2025-07-04"}}, {"model": "children.childvisit", "pk": 51, "fields": {"child": "1688", "visit_date": "2025-07-01", "height": "62.00", "weight": "6.00", "muac": null, "wasting": "No", "breastfeeding": "M", "mother_art_status": "On ART", "clinical_monitoring": "NAD", "hiv_testing": "No", "infection_status": "C", "drug_given": "CPT", "cpt_given": 180, "follow_up_outcome": "Con", "next_appointment_or_outcome_date": "2025-09-26"}}, {"model": "children.childvisit", "pk": 52, "fields": {"child": "1687", "visit_date": "2025-07-01", "height": "61.00", "weight": "5.50", "muac": null, "wasting": "No", "breastfeeding": "M", "mother_art_status": "On ART", "clinical_monitoring": "NAD", "hiv_testing": "No", "infection_status": "C", "drug_given": "CPT", "cpt_given": 90, "follow_up_outcome": "Con", "next_appointment_or_outcome_date": "2025-09-26"}}, {"model": "children.childvisit", "pk": 53, "fields": {"child": "1682", "visit_date": "2025-05-02", "height": "62.00", "weight": "7.30", "muac": null, "wasting": "No", "breastfeeding": "Exc", "mother_art_status": "On ART", "clinical_monitoring": "NAD", "hiv_testing": "No", "infection_status": "C", "drug_given": "CPT", "cpt_given": 180, "follow_up_outcome": "Con", "next_appointment_or_outcome_date": "2025-07-25"}}, {"model": "children.childvisit", "pk": 54, "fields": {"child": "1693", "visit_date": "2025-04-04", "height": "57.00", "weight": "5.50", "muac": null, "wasting": "No", "breastfeeding": "Exc", "mother_art_status": "On ART", "clinical_monitoring": "NAD", "hiv_testing": "Dbs", "infection_status": "A", "drug_given": "CPT", "cpt_given": 120, "follow_up_outcome": "Con", "next_appointment_or_outcome_date": "2025-07-10"}}, {"model": "children.childvisit", "pk": 55, "fields": {"child": "1681", "visit_date": "2025-06-27", "height": "63.00", "weight": "6.60", "muac": null, "wasting": "No", "breastfeeding": "Exc", "mother_art_status": "On ART", "clinical_monitoring": "NAD", "hiv_testing": "No", "infection_status": "C", "drug_given": "CPT", "cpt_given": 120, "follow_up_outcome": "Con", "next_appointment_or_outcome_date": "2025-10-31"}}, {"model": "children.childvisit", "pk": 56, "fields": {"child": "1680", "visit_date": "2025-06-27", "height": "73.00", "weight": "9.60", "muac": null, "wasting": "No", "breastfeeding": "Exc", "mother_art_status": "On ART", "clinical_monitoring": "NAD", "hiv_testing": "No", "infection_status": "C", "drug_given": "CPT", "cpt_given": 180, "follow_up_outcome": "Con", "next_appointment_or_outcome_date": "2025-09-19"}}, {"model": "children.childvisit", "pk": 57, "fields": {"child": "1694", "visit_date": "2025-04-11", "height": "57.00", "weight": "6.40", "muac": null, "wasting": "No", "breastfeeding": "Exc", "mother_art_status": "On ART", "clinical_monitoring": "NAD", "hiv_testing": "Dbs", "infection_status": "A", "drug_given": "CPT", "cpt_given": 120, "follow_up_outcome": "Con", "next_appointment_or_outcome_date": "2025-07-18"}}, {"model": "children.childvisit", "pk": 58, "fields": {"child": "1674", "visit_date": "2025-05-30", "height": null, "weight": null, "muac": null, "wasting": "No", "breastfeeding": "Exc", "mother_art_status": "On ART", "clinical_monitoring": "NAD", "hiv_testing": "No", "infection_status": "C", "drug_given": "CPT", "cpt_given": 360, "follow_up_outcome": "Con", "next_appointment_or_outcome_date": "2025-11-21"}}, {"model": "children.childvisit", "pk": 59, "fields": {"child": "1684", "visit_date": "2025-05-30", "height": "62.00", "weight": null, "muac": null, "wasting": "No", "breastfeeding": "Exc", "mother_art_status": "On ART", "clinical_monitoring": "NAD", "hiv_testing": "No", "infection_status": "C", "drug_given": "CPT", "cpt_given": 90, "follow_up_outcome": "Con", "next_appointment_or_outcome_date": "2025-08-22"}}, {"model": "children.childvisit", "pk": 60, "fields": {"child": "1672", "visit_date": "2025-04-25", "height": "63.00", "weight": null, "muac": null, "wasting": "No", "breastfeeding": "Exc", "mother_art_status": "On ART", "clinical_monitoring": "NAD", "hiv_testing": "No", "infection_status": "C", "drug_given": "CPT", "cpt_given": 180, "follow_up_outcome": "Con", "next_appointment_or_outcome_date": "2025-07-25"}}, {"model": "children.childvisit", "pk": 61, "fields": {"child": "1675", "visit_date": "2025-05-16", "height": "64.00", "weight": null, "muac": null, "wasting": "No", "breastfeeding": "Exc", "mother_art_status": "On ART", "clinical_monitoring": "NAD", "hiv_testing": "No", "infection_status": "C", "drug_given": "CPT", "cpt_given": 180, "follow_up_outcome": "Con", "next_appointment_or_outcome_date": "2025-08-15"}}, {"model": "children.childvisit", "pk": 62, "fields": {"child": "1676", "visit_date": "2025-04-07", "height": null, "weight": null, "muac": null, "wasting": "No", "breastfeeding": "Exc", "mother_art_status": "On ART", "clinical_monitoring": "NAD", "hiv_testing": "Dbs", "infection_status": "A", "drug_given": "CPT", "cpt_given": 180, "follow_up_outcome": "Con", "next_appointment_or_outcome_date": "2025-07-18"}}, {"model": "children.childvisit", "pk": 63, "fields": {"child": "1692", "visit_date": "2025-02-21", "height": "54.00", "weight": null, "muac": null, "wasting": "No", "breastfeeding": "Exc", "mother_art_status": "On ART", "clinical_monitoring": "NAD", "hiv_testing": "No", "infection_status": "C", "drug_given": "CPT", "cpt_given": 90, "follow_up_outcome": "Con", "next_appointment_or_outcome_date": "2025-05-16"}}, {"model": "children.childvisit", "pk": 64, "fields": {"child": "1678", "visit_date": "2025-06-06", "height": "58.00", "weight": "6.00", "muac": null, "wasting": "No", "breastfeeding": "Exc", "mother_art_status": "On ART", "clinical_monitoring": "NAD", "hiv_testing": "No", "infection_status": "C", "drug_given": "CPT", "cpt_given": 180, "follow_up_outcome": "Con", "next_appointment_or_outcome_date": "2025-09-05"}}, {"model": "children.childvisit", "pk": 65, "fields": {"child": "1683", "visit_date": "2025-06-06", "height": "640.00", "weight": "8.50", "muac": null, "wasting": "No", "breastfeeding": "M", "mother_art_status": "On ART", "clinical_monitoring": "Sick", "hiv_testing": "No", "infection_status": "C", "drug_given": "CPT", "cpt_given": 180, "follow_up_outcome": "Con", "next_appointment_or_outcome_date": "2025-09-05"}}, {"model": "children.childvisit", "pk": 66, "fields": {"child": "1724", "visit_date": null, "height": null, "weight": null, "muac": null, "wasting": "No", "breastfeeding": "Exc", "mother_art_status": "On ART", "clinical_monitoring": "NAD", "hiv_testing": "No", "infection_status": "C", "drug_given": "CPT", "cpt_given": null, "follow_up_outcome": "To", "next_appointment_or_outcome_date": "2025-07-18"}}, {"model": "children.htssample", "pk": 1, "fields": {"child": "1723", "sample_date": "2025-07-08", "test_type": "DBS", "sample_id": "679", "result": null, "date_received": null}}, {"model": "children.htssample", "pk": 2, "fields": {"child": "1640", "sample_date": "2024-11-15", "test_type": "DBS", "sample_id": "618", "result": "Negative", "date_received": "2024-11-21"}}, {"model": "children.htssample", "pk": 3, "fields": {"child": "1715", "sample_date": "2025-06-13", "test_type": "DBS", "sample_id": "676", "result": "Negative", "date_received": "2025-06-27"}}, {"model": "children.htssample", "pk": 4, "fields": {"child": "1710", "sample_date": "2025-07-09", "test_type": "DBS", "sample_id": "666", "result": "Negative", "date_received": "2025-06-03"}}, {"model": "children.htssample", "pk": 5, "fields": {"child": "1703", "sample_date": "2025-06-06", "test_type": "DBS", "sample_id": "672", "result": "Negative", "date_received": "2025-06-23"}}, {"model": "children.htssample", "pk": 6, "fields": {"child": "1704", "sample_date": "2025-06-06", "test_type": "DBS", "sample_id": "673", "result": "Negative", "date_received": "2025-06-23"}}, {"model": "children.htssample", "pk": 7, "fields": {"child": "1718", "sample_date": "2025-06-06", "test_type": "DBS", "sample_id": "671", "result": "Negative", "date_received": "2025-06-23"}}, {"model": "children.htssample", "pk": 8, "fields": {"child": "1705", "sample_date": "2025-06-06", "test_type": "DBS", "sample_id": "674", "result": "Negative", "date_received": "2025-06-23"}}, {"model": "children.htssample", "pk": 9, "fields": {"child": "1707", "sample_date": "2025-07-01", "test_type": "DBS", "sample_id": "678", "result": null, "date_received": null}}, {"model": "children.htssample", "pk": 10, "fields": {"child": "1711", "sample_date": "2025-05-30", "test_type": "DBS", "sample_id": "338", "result": "Negative", "date_received": "2025-06-10"}}, {"model": "children.htssample", "pk": 11, "fields": {"child": "1720", "sample_date": "2025-05-30", "test_type": "DBS", "sample_id": "669", "result": "Negative", "date_received": "2025-06-10"}}, {"model": "children.htssample", "pk": 12, "fields": {"child": "1696", "sample_date": "2025-04-23", "test_type": "DBS", "sample_id": "660", "result": "Negative", "date_received": "2025-05-09"}}, {"model": "children.htssample", "pk": 13, "fields": {"child": "1709", "sample_date": "2025-04-15", "test_type": "DBS", "sample_id": "659", "result": "Negative", "date_received": "2025-05-09"}}, {"model": "children.htssample", "pk": 14, "fields": {"child": "1688", "sample_date": "2025-03-28", "test_type": "DBS", "sample_id": "651", "result": "Negative", "date_received": "2025-04-10"}}, {"model": "children.htssample", "pk": 15, "fields": {"child": "1687", "sample_date": "2025-03-28", "test_type": "DBS", "sample_id": "652", "result": "Negative", "date_received": "2025-04-09"}}, {"model": "children.htssample", "pk": 16, "fields": {"child": "1682", "sample_date": "2025-03-21", "test_type": "DBS", "sample_id": "650", "result": "Negative", "date_received": "2025-03-27"}}, {"model": "children.htssample", "pk": 17, "fields": {"child": "1693", "sample_date": "2025-04-04", "test_type": "DBS", "sample_id": "655", "result": "Negative", "date_received": "2025-04-14"}}, {"model": "children.htssample", "pk": 18, "fields": {"child": "1680", "sample_date": "2025-04-04", "test_type": "DBS", "sample_id": "656", "result": "Negative", "date_received": "2025-04-14"}}, {"model": "children.htssample", "pk": 19, "fields": {"child": "1694", "sample_date": "2025-04-11", "test_type": "DBS", "sample_id": "658", "result": "Negative", "date_received": "2025-04-17"}}, {"model": "children.htssample", "pk": 20, "fields": {"child": "1674", "sample_date": "2025-02-28", "test_type": "DBS", "sample_id": "639", "result": "Negative", "date_received": "2025-03-11"}}, {"model": "children.htssample", "pk": 21, "fields": {"child": "1684", "sample_date": "2025-03-14", "test_type": "DBS", "sample_id": "647", "result": "Negative", "date_received": "2025-03-27"}}, {"model": "children.htssample", "pk": 22, "fields": {"child": "1672", "sample_date": "2025-04-25", "test_type": "DBS", "sample_id": "661", "result": "Negative", "date_received": "2025-05-15"}}, {"model": "children.htssample", "pk": 23, "fields": {"child": "1675", "sample_date": "2025-03-24", "test_type": "DBS", "sample_id": "642", "result": "Negative", "date_received": "2025-03-27"}}, {"model": "children.htssample", "pk": 24, "fields": {"child": "1676", "sample_date": "2025-04-07", "test_type": "DBS", "sample_id": "657", "result": "Negative", "date_received": "2025-04-14"}}, {"model": "children.htssample", "pk": 25, "fields": {"child": "1678", "sample_date": "2025-03-07", "test_type": "DBS", "sample_id": "643", "result": "Negative", "date_received": "2025-03-27"}}, {"model": "children.htssample", "pk": 26, "fields": {"child": "1683", "sample_date": "2025-03-07", "test_type": "DBS", "sample_id": "644", "result": "Negative", "date_received": "2025-03-27"}}, {"model": "children.htssample", "pk": 27, "fields": {"child": "1679", "sample_date": "2025-03-14", "test_type": "DBS", "sample_id": "646", "result": "Negative", "date_received": "2025-03-27"}}]