-- MySQL dump 10.13  Distrib 9.3.0, for Win64 (x86_64)
--
-- Host: localhost    Database: osphyncodes
-- ------------------------------------------------------
-- Server version	9.3.0

/*!40101 SET @OLD_CHARACTER_SET_CLIENT=@@CHARACTER_SET_CLIENT */;
/*!40101 SET @OLD_CHARACTER_SET_RESULTS=@@CHARACTER_SET_RESULTS */;
/*!40101 SET @OLD_COLLATION_CONNECTION=@@COLLATION_CONNECTION */;
/*!50503 SET NAMES utf8mb4 */;
/*!40103 SET @OLD_TIME_ZONE=@@TIME_ZONE */;
/*!40103 SET TIME_ZONE='+00:00' */;
/*!40014 SET @OLD_UNIQUE_CHECKS=@@UNIQUE_CHECKS, UNIQUE_CHECKS=0 */;
/*!40014 SET @OLD_FOREIGN_KEY_CHECKS=@@FOREIGN_KEY_CHECKS, FOREIGN_KEY_CHECKS=0 */;
/*!40101 SET @OLD_SQL_MODE=@@SQL_MODE, SQL_MODE='NO_AUTO_VALUE_ON_ZERO' */;
/*!40111 SET @OLD_SQL_NOTES=@@SQL_NOTES, SQL_NOTES=0 */;

--
-- Table structure for table `art_childvisit`
--

DROP TABLE IF EXISTS `art_childvisit`;
/*!40101 SET @saved_cs_client     = @@character_set_client */;
/*!50503 SET character_set_client = utf8mb4 */;
CREATE TABLE `art_childvisit` (
  `id` bigint NOT NULL AUTO_INCREMENT,
  `visit_date` date DEFAULT NULL,
  `visit_type` varchar(50) NOT NULL,
  `weight` decimal(5,2) NOT NULL,
  `height` decimal(5,2) DEFAULT NULL,
  `bp` decimal(5,2) DEFAULT NULL,
  `patient_id` bigint NOT NULL,
  PRIMARY KEY (`id`)
) ENGINE=InnoDB DEFAULT CHARSET=utf8mb4 COLLATE=utf8mb4_0900_ai_ci;
/*!40101 SET character_set_client = @saved_cs_client */;

--
-- Dumping data for table `art_childvisit`
--

LOCK TABLES `art_childvisit` WRITE;
/*!40000 ALTER TABLE `art_childvisit` DISABLE KEYS */;
/*!40000 ALTER TABLE `art_childvisit` ENABLE KEYS */;
UNLOCK TABLES;

--
-- Table structure for table `auth_group`
--

DROP TABLE IF EXISTS `auth_group`;
/*!40101 SET @saved_cs_client     = @@character_set_client */;
/*!50503 SET character_set_client = utf8mb4 */;
CREATE TABLE `auth_group` (
  `id` int NOT NULL AUTO_INCREMENT,
  `name` varchar(150) CHARACTER SET utf8mb4 COLLATE utf8mb4_general_ci NOT NULL,
  PRIMARY KEY (`id`),
  UNIQUE KEY `name` (`name`)
) ENGINE=InnoDB DEFAULT CHARSET=utf8mb4 COLLATE=utf8mb4_general_ci;
/*!40101 SET character_set_client = @saved_cs_client */;

--
-- Dumping data for table `auth_group`
--

LOCK TABLES `auth_group` WRITE;
/*!40000 ALTER TABLE `auth_group` DISABLE KEYS */;
/*!40000 ALTER TABLE `auth_group` ENABLE KEYS */;
UNLOCK TABLES;

--
-- Table structure for table `auth_group_permissions`
--

DROP TABLE IF EXISTS `auth_group_permissions`;
/*!40101 SET @saved_cs_client     = @@character_set_client */;
/*!50503 SET character_set_client = utf8mb4 */;
CREATE TABLE `auth_group_permissions` (
  `id` bigint NOT NULL AUTO_INCREMENT,
  `group_id` int NOT NULL,
  `permission_id` int NOT NULL,
  PRIMARY KEY (`id`),
  UNIQUE KEY `auth_group_permissions_group_id_permission_id_0cd325b0_uniq` (`group_id`,`permission_id`),
  KEY `auth_group_permissio_permission_id_84c5c92e_fk_auth_perm` (`permission_id`),
  CONSTRAINT `auth_group_permissio_permission_id_84c5c92e_fk_auth_perm` FOREIGN KEY (`permission_id`) REFERENCES `auth_permission` (`id`),
  CONSTRAINT `auth_group_permissions_group_id_b120cbf9_fk_auth_group_id` FOREIGN KEY (`group_id`) REFERENCES `auth_group` (`id`)
) ENGINE=InnoDB DEFAULT CHARSET=utf8mb4 COLLATE=utf8mb4_general_ci;
/*!40101 SET character_set_client = @saved_cs_client */;

--
-- Dumping data for table `auth_group_permissions`
--

LOCK TABLES `auth_group_permissions` WRITE;
/*!40000 ALTER TABLE `auth_group_permissions` DISABLE KEYS */;
/*!40000 ALTER TABLE `auth_group_permissions` ENABLE KEYS */;
UNLOCK TABLES;

--
-- Table structure for table `auth_permission`
--

DROP TABLE IF EXISTS `auth_permission`;
/*!40101 SET @saved_cs_client     = @@character_set_client */;
/*!50503 SET character_set_client = utf8mb4 */;
CREATE TABLE `auth_permission` (
  `id` int NOT NULL AUTO_INCREMENT,
  `name` varchar(255) CHARACTER SET utf8mb4 COLLATE utf8mb4_general_ci NOT NULL,
  `content_type_id` int NOT NULL,
  `codename` varchar(100) CHARACTER SET utf8mb4 COLLATE utf8mb4_general_ci NOT NULL,
  PRIMARY KEY (`id`),
  UNIQUE KEY `auth_permission_content_type_id_codename_01ab375a_uniq` (`content_type_id`,`codename`),
  CONSTRAINT `auth_permission_content_type_id_2f476e4b_fk_django_co` FOREIGN KEY (`content_type_id`) REFERENCES `django_content_type` (`id`)
) ENGINE=InnoDB AUTO_INCREMENT=85 DEFAULT CHARSET=utf8mb4 COLLATE=utf8mb4_general_ci;
/*!40101 SET character_set_client = @saved_cs_client */;

--
-- Dumping data for table `auth_permission`
--

LOCK TABLES `auth_permission` WRITE;
/*!40000 ALTER TABLE `auth_permission` DISABLE KEYS */;
INSERT INTO `auth_permission` VALUES (1,'Can add log entry',1,'add_logentry'),(2,'Can change log entry',1,'change_logentry'),(3,'Can delete log entry',1,'delete_logentry'),(4,'Can view log entry',1,'view_logentry'),(5,'Can add permission',2,'add_permission'),(6,'Can change permission',2,'change_permission'),(7,'Can delete permission',2,'delete_permission'),(8,'Can view permission',2,'view_permission'),(9,'Can add group',3,'add_group'),(10,'Can change group',3,'change_group'),(11,'Can delete group',3,'delete_group'),(12,'Can view group',3,'view_group'),(13,'Can add user',4,'add_user'),(14,'Can change user',4,'change_user'),(15,'Can delete user',4,'delete_user'),(16,'Can view user',4,'view_user'),(17,'Can add content type',5,'add_contenttype'),(18,'Can change content type',5,'change_contenttype'),(19,'Can delete content type',5,'delete_contenttype'),(20,'Can view content type',5,'view_contenttype'),(21,'Can add session',6,'add_session'),(22,'Can change session',6,'change_session'),(23,'Can delete session',6,'delete_session'),(24,'Can view session',6,'view_session'),(25,'Can add child',7,'add_child'),(26,'Can change child',7,'change_child'),(27,'Can delete child',7,'delete_child'),(28,'Can view child',7,'view_child'),(29,'Can add child visit',8,'add_childvisit'),(30,'Can change child visit',8,'change_childvisit'),(31,'Can delete child visit',8,'delete_childvisit'),(32,'Can view child visit',8,'view_childvisit'),(33,'Can add hts sample',9,'add_htssample'),(34,'Can change hts sample',9,'change_htssample'),(35,'Can delete hts sample',9,'delete_htssample'),(36,'Can view hts sample',9,'view_htssample'),(37,'Can add system log',10,'add_systemlog'),(38,'Can change system log',10,'change_systemlog'),(39,'Can delete system log',10,'delete_systemlog'),(40,'Can view system log',10,'view_systemlog'),(41,'Can add patient',11,'add_patient'),(42,'Can change patient',11,'change_patient'),(43,'Can delete patient',11,'delete_patient'),(44,'Can view patient',11,'view_patient'),(45,'Can add lab result',12,'add_labresult'),(46,'Can change lab result',12,'change_labresult'),(47,'Can delete lab result',12,'delete_labresult'),(48,'Can view lab result',12,'view_labresult'),(49,'Can add regimen',13,'add_regimen'),(50,'Can change regimen',13,'change_regimen'),(51,'Can delete regimen',13,'delete_regimen'),(52,'Can view regimen',13,'view_regimen'),(53,'Can add staff',14,'add_staff'),(54,'Can change staff',14,'change_staff'),(55,'Can delete staff',14,'delete_staff'),(56,'Can view staff',14,'view_staff'),(57,'Can add genotype',15,'add_genotype'),(58,'Can change genotype',15,'change_genotype'),(59,'Can delete genotype',15,'delete_genotype'),(60,'Can view genotype',15,'view_genotype'),(61,'Can add guardian',16,'add_guardian'),(62,'Can change guardian',16,'change_guardian'),(63,'Can delete guardian',16,'delete_guardian'),(64,'Can view guardian',16,'view_guardian'),(65,'Can add school',17,'add_school'),(66,'Can change school',17,'change_school'),(67,'Can delete school',17,'delete_school'),(68,'Can view school',17,'view_school'),(69,'Can add presentation',18,'add_presentation'),(70,'Can change presentation',18,'change_presentation'),(71,'Can delete presentation',18,'delete_presentation'),(72,'Can view presentation',18,'view_presentation'),(73,'Can add survey',19,'add_survey'),(74,'Can change survey',19,'change_survey'),(75,'Can delete survey',19,'delete_survey'),(76,'Can view survey',19,'view_survey'),(77,'Can add village',20,'add_village'),(78,'Can change village',20,'change_village'),(79,'Can delete village',20,'delete_village'),(80,'Can view village',20,'view_village'),(81,'Can add child visit',21,'add_childvisit'),(82,'Can change child visit',21,'change_childvisit'),(83,'Can delete child visit',21,'delete_childvisit'),(84,'Can view child visit',21,'view_childvisit');
/*!40000 ALTER TABLE `auth_permission` ENABLE KEYS */;
UNLOCK TABLES;

--
-- Table structure for table `auth_user`
--

DROP TABLE IF EXISTS `auth_user`;
/*!40101 SET @saved_cs_client     = @@character_set_client */;
/*!50503 SET character_set_client = utf8mb4 */;
CREATE TABLE `auth_user` (
  `id` int NOT NULL AUTO_INCREMENT,
  `password` varchar(128) CHARACTER SET utf8mb4 COLLATE utf8mb4_general_ci NOT NULL,
  `last_login` datetime(6) DEFAULT NULL,
  `is_superuser` tinyint(1) NOT NULL,
  `username` varchar(150) CHARACTER SET utf8mb4 COLLATE utf8mb4_general_ci NOT NULL,
  `first_name` varchar(150) CHARACTER SET utf8mb4 COLLATE utf8mb4_general_ci NOT NULL,
  `last_name` varchar(150) CHARACTER SET utf8mb4 COLLATE utf8mb4_general_ci NOT NULL,
  `email` varchar(254) CHARACTER SET utf8mb4 COLLATE utf8mb4_general_ci NOT NULL,
  `is_staff` tinyint(1) NOT NULL,
  `is_active` tinyint(1) NOT NULL,
  `date_joined` datetime(6) NOT NULL,
  PRIMARY KEY (`id`),
  UNIQUE KEY `username` (`username`)
) ENGINE=InnoDB AUTO_INCREMENT=8 DEFAULT CHARSET=utf8mb4 COLLATE=utf8mb4_general_ci;
/*!40101 SET character_set_client = @saved_cs_client */;

--
-- Dumping data for table `auth_user`
--

LOCK TABLES `auth_user` WRITE;
/*!40000 ALTER TABLE `auth_user` DISABLE KEYS */;
INSERT INTO `auth_user` VALUES (1,'pbkdf2_sha256$1000000$k0WyJeYJxRfjprPU6Y3alQ$t2x/cB/NyyrlILrERLKX6Bu69xWFlxxNcGNFPf3lnP0=','2025-07-28 09:58:07.688391',1,'osphyncodes','josephy','ng\'omba','ngombajosephy@gmail.com',1,1,'2025-07-05 07:13:27.000000'),(6,'pbkdf2_sha256$1000000$HFCtqlWonqDJWEFsDpjMKz$vzoKkVHFxgj+iMS/DzmVUM0bW/rNyx47b7kLRc66W1c=','2025-07-17 11:11:01.350886',0,'prince','Prince','ng\'omba','ngombajosephy@gmail.com',0,1,'2025-07-17 11:10:45.451518'),(7,'pbkdf2_sha256$1000000$jW7xsZnuBAgvXm3mUXcLlm$dWO6vnwfJFjMX0viRjQALtMKFJ9W1Q04Ql5mR+nUieY=','2025-07-24 06:27:33.612584',0,'stevie','Stevie','Kamoto','skamoto@tingathe.org',0,1,'2025-07-24 06:25:51.612156');
/*!40000 ALTER TABLE `auth_user` ENABLE KEYS */;
UNLOCK TABLES;

--
-- Table structure for table `auth_user_groups`
--

DROP TABLE IF EXISTS `auth_user_groups`;
/*!40101 SET @saved_cs_client     = @@character_set_client */;
/*!50503 SET character_set_client = utf8mb4 */;
CREATE TABLE `auth_user_groups` (
  `id` bigint NOT NULL AUTO_INCREMENT,
  `user_id` int NOT NULL,
  `group_id` int NOT NULL,
  PRIMARY KEY (`id`),
  UNIQUE KEY `auth_user_groups_user_id_group_id_94350c0c_uniq` (`user_id`,`group_id`),
  KEY `auth_user_groups_group_id_97559544_fk_auth_group_id` (`group_id`),
  CONSTRAINT `auth_user_groups_group_id_97559544_fk_auth_group_id` FOREIGN KEY (`group_id`) REFERENCES `auth_group` (`id`),
  CONSTRAINT `auth_user_groups_user_id_6a12ed8b_fk_auth_user_id` FOREIGN KEY (`user_id`) REFERENCES `auth_user` (`id`)
) ENGINE=InnoDB DEFAULT CHARSET=utf8mb4 COLLATE=utf8mb4_general_ci;
/*!40101 SET character_set_client = @saved_cs_client */;

--
-- Dumping data for table `auth_user_groups`
--

LOCK TABLES `auth_user_groups` WRITE;
/*!40000 ALTER TABLE `auth_user_groups` DISABLE KEYS */;
/*!40000 ALTER TABLE `auth_user_groups` ENABLE KEYS */;
UNLOCK TABLES;

--
-- Table structure for table `auth_user_user_permissions`
--

DROP TABLE IF EXISTS `auth_user_user_permissions`;
/*!40101 SET @saved_cs_client     = @@character_set_client */;
/*!50503 SET character_set_client = utf8mb4 */;
CREATE TABLE `auth_user_user_permissions` (
  `id` bigint NOT NULL AUTO_INCREMENT,
  `user_id` int NOT NULL,
  `permission_id` int NOT NULL,
  PRIMARY KEY (`id`),
  UNIQUE KEY `auth_user_user_permissions_user_id_permission_id_14a6b632_uniq` (`user_id`,`permission_id`),
  KEY `auth_user_user_permi_permission_id_1fbb5f2c_fk_auth_perm` (`permission_id`),
  CONSTRAINT `auth_user_user_permi_permission_id_1fbb5f2c_fk_auth_perm` FOREIGN KEY (`permission_id`) REFERENCES `auth_permission` (`id`),
  CONSTRAINT `auth_user_user_permissions_user_id_a95ead1b_fk_auth_user_id` FOREIGN KEY (`user_id`) REFERENCES `auth_user` (`id`)
) ENGINE=InnoDB DEFAULT CHARSET=utf8mb4 COLLATE=utf8mb4_general_ci;
/*!40101 SET character_set_client = @saved_cs_client */;

--
-- Dumping data for table `auth_user_user_permissions`
--

LOCK TABLES `auth_user_user_permissions` WRITE;
/*!40000 ALTER TABLE `auth_user_user_permissions` DISABLE KEYS */;
/*!40000 ALTER TABLE `auth_user_user_permissions` ENABLE KEYS */;
UNLOCK TABLES;

--
-- Table structure for table `children_child`
--

DROP TABLE IF EXISTS `children_child`;
/*!40101 SET @saved_cs_client     = @@character_set_client */;
/*!50503 SET character_set_client = utf8mb4 */;
CREATE TABLE `children_child` (
  `hcc_number` int NOT NULL,
  `child_name` varchar(200) CHARACTER SET utf8mb4 COLLATE utf8mb4_general_ci NOT NULL,
  `child_dob` date NOT NULL,
  `child_birth_weight` decimal(5,2) NOT NULL,
  `guardian_name` varchar(200) CHARACTER SET utf8mb4 COLLATE utf8mb4_general_ci NOT NULL,
  `guardian_phone` varchar(20) CHARACTER SET utf8mb4 COLLATE utf8mb4_general_ci NOT NULL,
  `physical_address` longtext CHARACTER SET utf8mb4 COLLATE utf8mb4_general_ci NOT NULL,
  `agrees_to_fup` varchar(3) CHARACTER SET utf8mb4 COLLATE utf8mb4_general_ci NOT NULL,
  `mother_status` varchar(20) CHARACTER SET utf8mb4 COLLATE utf8mb4_general_ci NOT NULL,
  `mother_art_number` varchar(20) CHARACTER SET utf8mb4 COLLATE utf8mb4_general_ci DEFAULT NULL,
  `mother_art_start_date` date DEFAULT NULL,
  `child_gender` varchar(6) CHARACTER SET utf8mb4 COLLATE utf8mb4_general_ci NOT NULL,
  `relationship` varchar(100) CHARACTER SET utf8mb4 COLLATE utf8mb4_general_ci NOT NULL,
  PRIMARY KEY (`hcc_number`)
) ENGINE=InnoDB DEFAULT CHARSET=utf8mb4 COLLATE=utf8mb4_general_ci;
/*!40101 SET character_set_client = @saved_cs_client */;

--
-- Dumping data for table `children_child`
--

LOCK TABLES `children_child` WRITE;
/*!40000 ALTER TABLE `children_child` DISABLE KEYS */;
INSERT INTO `children_child` VALUES ('1106','John Waya','2024-11-06',1.70,'Hawa Davie','None','Kubuli near borehole','Yes','Alive OnART','1257',NULL,'Male','Mother'),('1408','Yusufu Mose','2023-01-02',3.00,'Marriam Issah','None','Ng\'ombe near borehole (market side @ abiti adam)','Yes','Alive OnART','3006',NULL,'Male','Mother'),('1409','Esnart Omwecho','2023-01-18',2.70,'Patuma Twaha','None','Chapola at Ngwazi\'s residence','Yes','Alive OnART','1409',NULL,'Female','Mother'),('1410','Shakira Allie','2023-01-19',2.60,'Jamia Suleimana','None','Chapola at Mapende\'s Household','Yes','Alive OnART','3027','2011-10-25','Female','Mother'),('1414','Sopiano Rafiki','2023-01-27',2.80,'Hawa Adam','None','Mtaka at Wadi Sabiti\'s Household','Yes','Alive OnART','2088',NULL,'Male','Mother'),('1415','Shaziya','2023-01-28',2.90,'Amina Alex','None','Moto at Saiti residence near mosque','Yes','Alive OnART','3038',NULL,'Female','Mother'),('1416','Sarah Milliasi','2023-01-23',2.60,'Dalini Ibrahim','None','Mpundi Village near borehole ask make katiba at siwa residence','Yes','Alive OnART','1365',NULL,'Female','Mother'),('1418','Besima Jambo','2023-01-15',3.00,'Hawa Jackson','None','Fowo at makey residence','Yes','Alive OnART','2700',NULL,'Male','Mother'),('1419','Abudu Adam','2023-02-10',0.00,'Rose Majidu','None','Mdala Makumba','Yes','Alive OnART','3059',NULL,'Male','Mother'),('1420','Umuri Ibra','2023-03-04',2.80,'Mariam Allie','None','Issa at Miyembe resides near GVH Issa','Yes','Alive OnART','3087','2023-02-09','Male','Mother'),('1422','Daud Billy','2023-03-11',2.20,'Zainab Billy','None','Mpundi near borehole at Siwa Family.','Yes','Alive OnART','112','2012-01-25','Male','Mother'),('1423','Mwanaisha Allan','2023-02-02',2.40,'Asiyatu Mbwana','None','Moto at Koloko along the lake','Yes','Alive OnART','3002','2022-08-15','Female','Mother'),('1425','Patricia Julius','2023-03-22',3.00,'Mariam Ausman','None','Matanda @ Ausman','Yes','Alive OnART','570','2014-10-18','Female','Mother'),('1426','Madalitso Suman','2023-04-03',3.40,'Sainab Idana','None','Fowo at Katakungwa','Yes','Alive OnART','2879','2021-11-15','Male','Mother'),('1427','Ahammad Anusa','2023-02-18',0.00,'Patuma James','None','Mdoka at Matumbi near Mikombe','Yes','Alive OnART','1960','2018-02-20','Male','Mother'),('1431','Abdullatifu Msamila','2023-01-26',2.60,'Marriam Adam','None','Mdoka at Chitamilo near borehole','Yes','Alive OnART','1848','2023-01-26','Male','Mother'),('1432','Muhammadi Kalenga','2023-04-29',2.80,'Asiyatu Iliasa','None','Mtumbula at Kazembe\'s near borehole','Yes','Alive OnART','2905',NULL,'Male','Mother'),('1433','Razack Wyson','2023-02-14',0.00,'Sauda Ibra','None','Ng\'ombe @ Martin','Yes','Alive OnART','1596',NULL,'Male','Mother'),('1434','Hajira Osman','2023-04-01',0.00,'None','None','None','Yes','Alive OnART','4548',NULL,'Female','Mother'),('1435','Sifati Aliya','2023-05-15',0.00,'Esnert Aliya','None','Mdoka\'s Nkwanda household','Yes','Alive OnART','3082',NULL,'Male','Mother'),('1436','Minati Cassim','2023-05-27',0.00,'Rhoda Mussa','None','Magongwe at Seleman','Yes','Alive OnART','2469',NULL,'Female','Mother'),('1437','Mustafa Issa','2023-05-30',2.70,'Hawa Labiana','None','Kapinjiri at Kaondo\'s Household','Yes','Alive OnART','925',NULL,'Male','Mother'),('1438','Fazilla Sajida Adam','2023-05-31',3.00,'Amina Hussein','None','Mdalamakumba at Uliya','Yes','Alive OnART','635','2014-01-23','Female','Mother'),('1439','Tupele dines','2023-01-29',0.00,'Mariam Makaka','None','Mwanjati at Sawanga Family near river','Yes','Alive OnART','2466',NULL,'Female','Mother'),('1440','Jazaka Alabi','2023-05-23',2.90,'Patuma Msosa','None','Mlanichapola at Wadingwasi','Yes','Alive OnART','2213','2018-11-03','Male','Mother'),('1441','Dija Matola','2023-03-10',4.80,'Mary Matola','None','Chilawi near Admarc','Yes','Alive OnART','2831','2021-08-16','Female','Mother'),('1442','Shalif Muhammad','2023-05-21',3.80,'Edina Kachepa','None','Tumbwe at Masuku\'s near CCAP church','Yes','Alive OnART','757',NULL,'Male','Mother'),('1444','Umali Atibu','2023-06-18',3.20,'Marriam Afiya','None','Taliya at Palukono Household near river','Yes','Alive OnART','2250','2018-12-17','Male','Mother'),('1447','Muzamilu Often','2023-04-06',3.00,'Patuma Mnokote','None','Chiwaya at Donto','Yes','Alive OnART','2471','2019-09-07','Male','Mother'),('1448','Hussein Nupu','2023-06-10',3.20,'Jika Kazembe','None','Mlanimasyasya @ Unyanga','Yes','Alive OnART','2276','2019-01-07','Male','Mother'),('1449','Esnart Yasidu','2023-06-19',2.90,'Loney Chibwana','None','Moto at Mnenje at Atiba Shop','Yes','Alive OnART','1011','2015-07-03','Female','Mother'),('1450','Jasilu Idrissa','2023-06-29',2.10,'Aisha Kamwaza','None','Mbanda near market at Ackiles','Yes','Alive OnART','2422',NULL,'Male','Mother'),('1451','Icra Ibrahim','2023-07-03',2.90,'Fazira Makwinja','None','Issa Village','Yes','Alive OnART','290',NULL,'Male','Mother'),('1452','Zione Gift','2023-07-05',3.10,'Jandika Manesi','None','Mpundi near Lungwena Hospital','Yes','Alive OnART','1220',NULL,'Female','Mother'),('1453','Issah Kazembe','2023-07-07',3.20,'Rhoda Kazembe','None','Kazembe residence near matukuta village headman','Yes','Alive OnART','3047',NULL,'Male','Mother'),('1454','Jazilu Ali Idrissa','2023-07-15',2.80,'Dija Ali','None','Mlani Masyasya at namalomba residence near borehole','Yes','Alive OnART','1072',NULL,'Male','Mother'),('1455','Yusuf Mimo','2023-07-16',3.80,'Laisi Ellard','None','Talia at che kasili near maize mill','Yes','Alive OnART','3099','2023-03-27','Male','Mother'),('1458','Rahim Kazembe','2023-07-27',2.70,'Anifa Jawadu','None','Magongwe near Tambuli Family','Yes','Alive OnART','2791',NULL,'Male','Mother'),('1459','Alick Saiti','2023-07-14',0.00,'Hawa John','None','Mlanimasyasya near borehole at Unyanga','Yes','Alive OnART','2795','2021-05-19','Male','Mother'),('1460','Aneesha Mkandawire','2023-07-28',2.30,'Laina Adam','None','Ng\'ombe at Kaloyesi\'s household','Yes','Alive OnART','2787',NULL,'Female','Mother'),('1461','Shukurani Shaibu','2023-07-31',3.10,'Wale Shaibu','None','Ng\'ombe at manjaira household','Yes','Alive OnART','1753',NULL,'Male','Mother'),('1464','Juma Amosi','2023-01-23',0.00,'Maliatu Imani','None','Mpundi at Lilongwe','Yes','Alive OnART','3151','2023-09-01','Male','Mother'),('1465','Soft Mussa','2023-08-04',3.00,'Sifati Ali Iron','None','Biti Kalanje at Mnonje residence near borehole','Yes','Alive OnART','1977','2018-03-12','Female','Mother'),('1466','Mussa Amadu','2023-08-05',3.80,'Marriam Allie','None','Biti Kalanje Village at near che Jera Family','Yes','Alive OnART','102','2011-02-03','Male','Mother'),('1467','Ausye Awali','2023-08-07',2.80,'Lucy Mpwakata','None','Chilonga near borehole at che sande','Yes','Alive OnART','198','2012-05-02','Female','Mother'),('1468','Atupele Jonasi','2023-08-20',3.30,'Patuma Jonasi','None','Tumbwe near borehole','Yes','Alive OnART','461','2013-07-03','Female','Mother'),('1469','Shabilu Wasi','2023-08-21',2.90,'Alinafe Chirwa','None','Mtaka at Masawala\'s residence near nurserty school','Yes','Alive OnART','2627','2023-08-21','Male','Mother'),('1470','Mussa Shaibu','2023-08-22',3.60,'Janet Asima','None','Ng\'ombe near Safari Chiefs residence','Yes','Alive OnART','1705','2017-06-12','Female','Mother'),('1471','Zione Salimu','2023-08-23',3.10,'Mwanaisha Mdala','None','Mtumbula at Chingoli residence near maizemill','Yes','Alive OnART','2981','2022-07-07','Female','Mother'),('1472','Promise Cryton','2023-08-24',2.40,'Lucy Afodi','None','Mwanjati @ masikini','Yes','Alive OnART','3122','2023-05-22','Male','Mother'),('1473','Sijawa Imulani','2023-08-18',0.00,'Aisha Imulani','None','Mlanimasyasya at Ukana Household','Yes','Alive OnART','3116',NULL,'Female','Mother'),('1476','Jamila Anesi','2023-08-28',3.20,'Fatima Anesi','None','mwanjati near Mwanjati Priamary School','Yes','Alive OnART','2610',NULL,'Female','Mother'),('1477','Shukulani Edward','2023-09-01',3.00,'Lukia Iliasa','None','Chapola @ Chitambo residence','Yes','Alive OnART','2572','2020-02-10','Male','Mother'),('1478','Ishmael Manuel','2023-06-24',0.00,'Magret Bonomali','None','None','Yes','Alive OnART','2695',NULL,'Female','Mother'),('1480','Sarah Rajah','2023-09-08',3.30,'Halima Kimu','None','Ng\'ombe Village near primary school','Yes','Alive OnART','586',NULL,'Female','Mother'),('1481','Ayatu Wasili','2023-09-12',3.20,'Laisi Wasili','None','Kapinjiri at nduwele near lawrence','Yes','Alive OnART','2817','2021-07-05','Male','Mother'),('1482','Aida Abudu','2023-09-10',3.30,'Ilagu Abudu','None','Magongwe @ Wadi Ibadi near maize mill','Yes','Alive OnART','2543','2020-01-03','Female','Mother'),('1483','Shukulani Matemba','2023-09-17',3.70,'Eliza Ibrahim','None','Tumbwe near mosque Kumtelera','Yes','Alive OnART','1752',NULL,'Male','Mother'),('1484','Mwatitha Headson','2023-09-19',3.40,'Mariatu Maxwell','None','Mdala makumba near borehole','Yes','Alive OnART','3171','2023-08-11','Female','Mother'),('1485','Ayami Ahmadu','2023-09-24',2.00,'Kungweza Mtalika','None','Mwanjati near School at Chechembe','Yes','Alive OnART','3089','2023-02-14','Male','Mother'),('1486','Asiyatu Cassim','2023-09-18',0.00,'Luwani Elias','None','Ng\'ombe at Chikoko','Yes','Alive OnART','1362','2016-07-14','Female','Mother'),('1487','Nisha Winedi','2023-10-02',3.30,'Eneless Nikisi','None','Biti Kalanje @ Spencer residence near borehole','Yes','Alive OnART','1412','2016-08-08','Female','Mother'),('1488','Aimana Amidu','2023-10-07',2.00,'Hawa Amidu','None','Mpundi near small market at Dodoma','Yes','Alive OnART','3175','2023-09-25','Female','Mother'),('1489','Alima Ngunga','2023-10-13',2.70,'Aisha Ahamadu','None','Chapola near graveyard at Mnomba','Yes','Alive OnART','2837','2021-08-30','Female','Mother'),('1490','Clara Felix','2023-10-17',3.00,'Dija Allani','None','Rashid @ Maseng\'endas','Yes','Alive OnART','2063','2018-06-04','Female','Mother'),('1491','Yamikani Charles','2023-10-13',2.40,'Hawa Braimu','None','Mlani masyasya near borehole Namalomba residence','Yes','Alive OnART','1944','2018-02-09','Male','Mother'),('1492','Sakina Idrissa','2023-10-04',2.50,'Male Kaunda','None','Magongwe at Samuel Aphungu near mosque','Yes','Alive OnART','763','2014-06-25','Female','Mother'),('1493','Nafisa Twaibu','2023-09-19',3.40,'Yane Jefule','None','Taliya near first Mosave at Lukono residence','Yes','Alive OnART','1358','2023-09-19','Female','Mother'),('1494','Mary Evason','2023-10-25',3.30,'Sainab Silaj','None','Chapola at Che ngwali','Yes','Alive OnART','2985','2022-07-14','Female','Mother'),('1495','Shukulani Kalima','2023-10-30',0.00,'Amina James','None','Machakwani @ Namkwenya','Yes','Alive OnART','1484',NULL,'Male','Mother'),('1496','Bubakani Asima','2023-10-31',3.00,'Lima Kassim','None','Ng\'ombe at Edward Video Show','Yes','Alive OnART','2670','2020-09-15','Male','Mother'),('1497','Latifa kananji','2023-11-01',3.00,'Ndelewapi Mustafa','None','Ng\'ombe @ Chiimire residence','Yes','Alive OnART','913','2015-02-20','Female','Mother'),('1498','Happiness Damiano','2023-04-09',0.00,'None','None','None','Yes','Alive OnART','2170',NULL,'Male','Mother'),('1499','Laika Yusuf','2023-11-30',3.00,'Asiyatu Ishmael','None','Biti kalanje at willy residence near mlatho','Yes','Alive OnART','2030','2018-05-07','Female','Mother'),('1500','Agness','2023-08-06',0.00,'Asiyatu Adam','None','Mtumbula at Pachekalawe','Yes','Alive OnART','3092','2023-02-28','Female','Mother'),('1501','Rahim Ibrahim','2023-09-30',2.90,'Jika Ibrahim','None','Mtumbula @ Chingoli Residence','Yes','Alive OnART','2798',NULL,'Male','Mother'),('1502','Shamira Amadu','2023-12-08',2.90,'Maduwana Yahaya','None','Ng\'ombe @ Chilimba near borehole','Yes','Alive OnART','1850','2017-10-30','Female','Mother'),('1503','Ahamadu Abudu','2023-12-03',3.00,'0880007957','None','Ng\'ombe near borehole','Yes','Alive OnART','3147','2023-07-31','Male','Mother'),('1504','Rafaji Sani','2023-12-08',3.10,'Sakina Lenard','None','Fowo near mosque','Yes','Alive OnART','946','2015-04-02','Male','Mother'),('1505','Sherif Shaib','2023-12-12',3.20,'Duwana James','None','Mdala makumba @ magaisa residence near village headman','Yes','Alive OnART','1719','2013-04-17','Male','Mother'),('1506','Haji Chifuwo','2023-12-12',3.30,'Wame Rajab','0994192871','Mpundi @ Ndengende residence near mosque','Yes','Alive OnART','2648','2020-07-16','Male','Mother'),('1507','Maimuna Bamusi','2023-12-13',3.70,'Sijibu Makwelela','None','Biti Kalanje @ Chitomera family near bridge','Yes','Alive OnART','1684','2017-05-26','Female','Mother'),('1508','Shukulani Abdul','2023-12-14',4.10,'Mina Mdala','None','Chapola near bit tree at Cheula family','Yes','Alive OnART','3148','2023-07-31','Male','Mother'),('1509','Shamimu Jafali','2023-11-25',3.00,'Patuma Jafali','None','Mlanimasyasya @ Mlani masyasya village headman residence','Yes','Alive OnART','3159','2023-08-21','Female','Mother'),('1510','Adija Mamu','2023-12-05',0.00,'Marriam Yasin','None','Mlani Masyasya @ Bata Mkwanda residence','Yes','Alive OnART','1104','2015-11-23','Female','Mother'),('1511','Sakina Mwamadi','2023-12-19',2.80,'Mbilipe Alick','None','Tumbwe at Chalamanda\'s Household','Yes','Alive OnART','1747','2010-10-19','Female','Mother'),('1512','Ishmael Jali','2023-12-20',2.90,'Lumbiche Ajida','None','Chapola at Akubwino\'s Household','Yes','Alive OnART','1770','2017-08-28','Male','Mother'),('1513','Muhammad Alidi','2023-12-21',2.20,'Niya Mulangeni','None','Mbuzi near borehole @ Balasani residence','Yes','Alive OnART','351','2013-01-30','Male','Mother'),('1514','Adamu Alidi','2023-12-21',2.20,'Niya Mulangeni','None','Mbuzi near borehole @ Balasani Residence','Yes','Alive OnART','351','2023-01-30','Male','Mother'),('1516','Shukulani Alabi','2023-12-25',3.40,'Charity Willy','None','Mlanichapola at Chiganga along the lake','Yes','Alive OnART','879','2015-01-16','Male','Mother'),('1517','Mustafa Muhammad','2023-12-28',2.30,'Patuma Andiwotchi','None','Ng\'ombe @ martin residence','Yes','Alive OnART','1697','2017-06-07','Male','Mother'),('1518','Sulaya Manuel','2024-01-05',3.20,'Fatima Amadu','None','Ng\'ombe at Maganga\'s Household','Yes','Alive OnART','2099','2018-07-12','Female','Mother'),('1519','Sina Saidi','2024-01-05',3.20,'Masire Saidi','None','Fowo at Wazi white\'s residence','Yes','Alive OnART','40','2013-04-22','Female','Mother'),('1521','Janatu Jasiya','2024-01-10',2.90,'Zainab Daudi','None','Mpundi at panitola\'s residence near borehole','Yes','Alive OnART','2896','2021-12-28','Male','Mother'),('1522','Isumaila Kasimu','2023-11-07',2.60,'Patuma Ayatu','None','Fowo near mosque at Eliza Alick residence','Yes','Alive OnART','583','2013-10-31','Male','Mother'),('1523','Jamia Saidi','2024-01-13',2.30,'Tupele Msusa','None','Mwanjati at Mwanjati Primary School (Chembe)','Yes','Alive OnART','2943','2014-05-18','Female','Mother'),('1524','Lukia John','2024-01-15',3.10,'Saujati Deusi','None','Mlanimasyasya at che Mkoka','Yes','Alive OnART','1873','2017-11-22','Female','Mother'),('1525','Precious Kasimu','2024-01-18',0.00,'Grace Kachigwe','None','None','Yes','Alive OnART','3014',NULL,'Male','Mother'),('1526','Juma Nikisi','2024-01-26',2.70,'Marriam Anusa','None','Matanda at Chimera Household near mosque','Yes','Alive OnART','2702','2020-11-13','Male','Mother'),('1528','Lyna Andiwotchi','2023-12-27',2.70,'Loveness Jonasi','None','Mdoka @ Komakoma','Yes','Alive OnART','1557','2017-02-01','Female','Mother'),('1529','Nulaini Alabi','2024-01-23',0.00,'Marriam Maduka','None','Mbuzi at Wado Mwamadi near borehle','Yes','Alive OnART','1677',NULL,'Male','Mother'),('1530','Jafali Assan','2024-02-06',3.00,'Ndiwaseje Jafali','None','Biti Kalanje at Jela','Yes','Alive OnART','3.0','2016-01-27','Male','Mother'),('1531','Shanif Muska','2024-01-10',2.30,'Francina Muska','None','Ng\'ombe at martin along the lake','Yes','Alive OnART','697','2024-04-09','Male','Mother'),('1532','Hilda Ndembo','2024-02-01',0.00,'Veronica Phiri','None','Mtaka at Ndembo near borehole','Yes','Alive OnART','812','2017-09-27','Female','Mother'),('1533','Fazira Austen Ishmael','2024-02-14',3.00,'Esther Angile','None','Talia at kalima','Yes','Alive OnART','2488','2018-12-31','Female','Mother'),('1534','Wongan Patrick','2024-02-09',0.00,'Patuma Douglas','None','Tumbwe @Mosque','Yes','Alive OnART','1601','2017-03-15','Male','Mother'),('1535','Daudi Unyolo','2024-01-13',0.00,'Luna Alli','None','Mdoka','Yes','Alive OnART',NULL,NULL,'Male','Mother'),('1536','Asiyatu Adamu','2024-02-20',3.10,'Asiyatu Adam','None','Fowo near GVH Fowo','Yes','Alive OnART','2490','2014-04-14','Female','Mother'),('1537','Axexious Allie','2024-02-21',1.90,'Ireen Yahaya','None','Tmbwe at jailosi residence near borehole','Yes','Alive OnART','2735','2021-02-01','Male','Mother'),('1538','Aisha Kawanga','2024-02-22',2.60,'Esnart kandindi','None','tumbwe at Yusuf\'s residence near CCAP church','Yes','Alive OnART','1756','2017-08-19','Female','Mother'),('1539','Ikira Saidi','2024-02-22',3.10,'Sala Afala','None','Chpola','Yes','Alive OnART','2127','2018-08-14','Male','Mother'),('1540','Ethel Likoswe','2024-01-13',3.60,'Victoria Likoswe','0993823021','Ng\'ombe near Masjid mosque as John Kaluwa','Yes','Alive OnART','1540',NULL,'Female','Mother'),('1542','Muhazi Albert','2024-02-26',3.10,'Dija Albert','None','Mlanimasyasya at Mkoka\'s Househole','Yes','Alive OnART','463','2013-07-03','Male','Mother'),('1543','Milaj Mussa','2024-02-26',3.00,'Fazira Samson','None','None','Yes','Alive OnART','3289',NULL,'Male','Mother'),('1544','Adam Adini','2024-02-14',3.00,'Patuma Laya','None','Mpundi','Yes','Alive OnART','1637','2017-04-12','Male','Mother'),('1545','Tauhid Abudu','2024-02-20',3.10,'Hawa Tabalie','None','Matenganya near ground at che sika family','Yes','Alive OnART','2907','2022-01-18','Male','Mother'),('1546','Abibi Asani','2024-03-01',3.40,'Fatima Msusa','None','Chapola near river at che Mapende Family','Yes','Alive OnART','341',NULL,'Female','Mother'),('1547','Lema Lester','2024-01-22',1.60,'Winji Lesta','None','Matukuta at Esther near bridge','Yes','Alive OnART','1592','2017-07-01','Female','Mother'),('1549','Sumaiya Salika','2024-03-05',2.60,'Mariam Rabason','None','Talia near borehole at sports residence','Yes','Alive OnART','1131','2016-01-06','Female','Mother'),('1550','Fazira Enock','2024-03-05',2.30,'Atupele Enock Samson','None','Talia near primary School at Maulidi','Yes','Alive OnART','1247','2016-05-04','Female','Mother'),('1551','Hamza Patson','2024-02-28',2.10,'Mwanabibi Yusufu','None','chapola','Yes','Alive OnART','2185','2018-10-08','Male','Mother'),('1552','Mussa Pastson','2024-02-28',2.20,'Mwanabibi Yusufu','None','Chapola','Yes','Alive OnART','2185','2018-10-08','Male','Mother'),('1553','Kafiya M\'bwana','2024-03-16',3.20,'Sifati Mbwana','None','Mtaka at Jafali\'s near mosque','Yes','Alive OnART','3239','2024-02-26','Male','Mother'),('1554','Atupele Willard','2024-03-19',3.00,'Tsara Abudu','None','Mdoka at Matola\'s residence near mosque','Yes','Alive OnART','3141','2023-07-17','Female','Mother'),('1556','Dimingu Jonathan','2024-02-29',0.00,'Magret Petro','None','Mlani Masyasya','Yes','Alive OnART','740','2014-05-26','Male','Mother'),('1557','Ajila Rajab','2024-03-22',2.70,'Eliza Hussein','None','Chapola at Mapende near Mosque','Yes','Alive OnART','3140','2023-07-13','Female','Mother'),('1558','Aisha Usuman','2024-03-22',3.60,'Annie Yusuf','None','Ng\'ombe @ Mkanga Chematin','Yes','Alive OnART','1579','2017-02-24','Female','Mother'),('1561','Miracle kamoto','2024-03-26',2.70,'Mariam Mtelera','None','Mbobo near mosque at Nyana family','Yes','Alive OnART','2917','2022-02-15','Female','Mother'),('1562','Mphatso Lapukeni','2024-03-31',3.30,'Hawa Adam','None','Ng\'ombe near borehole at Kasimbo family','Yes','Alive OnART','2338','2019-03-29','Male','Mother'),('1563','Janet Samson','2024-03-21',3.20,'Zione Saidi','None','Mdoka at Liwa\'s residence near borehole','Yes','Alive OnART','440','2013-02-02','Female','Mother'),('1564','Jafali Foster','2024-03-20',3.00,'Bridget Ajasi','None','Ng\'ombe at GVH residence','Yes','Alive OnART','3036','2020-06-26','Male','Mother'),('1565','Lima Mussa','2024-04-05',3.00,'Lima Mussa','None','Biti Kalanje at namalweso','Yes','Alive OnART','2072','2018-06-18','Female','Mother'),('1566','Idrissa Frank','2024-04-11',2.30,'Patricia Usuman','None','Moto at Bali\'s residence near Lake','Yes','Alive OnART','1847',NULL,'Male','Mother'),('1567','Muhammad Komina','2024-04-15',3.20,'Zainab Kuswali','None','Mwanjati near ufulu ground mwase residence','Yes','Alive OnART','358','2013-02-06','Male','Mother'),('1568','Mina Ali','2024-04-17',2.60,'Hawa Akileni','0887970833','Mtumbula near borehole','Yes','Alive OnART','1942','2018-02-07','Female','Mother'),('1569','Bashir Yunusu','2024-04-17',3.20,'Hawa Kabichi','None','Mdoka at matenje near mosque','Yes','Alive OnART','2233','2018-11-21','Female','Mother'),('1570','Mariam Isapi','2024-04-11',2.50,'Michisyeje Twalibu','None','Tumbwe near primary school kwitanda clan make enock','Yes','Alive OnART','1118','2015-12-09','Female','Mother'),('1571','Kefasi Patreck','2023-05-25',2.90,'Twaina Alli','None','Mnekasya near graveyard road to city','Yes','Alive OnART','3275','2024-04-25','Male','Mother'),('1573','Zione Geofrey','2024-04-07',2.10,'Ulaya Seleman','None','Ng\'ombe near Mpungukwa tree at matin\'s residence as ulaya seleman','Yes','Alive OnART','136','2012-02-10','Female','Mother'),('1574','Zahilu Shaibu','2024-05-08',3.00,'Halima Jafali','None','Mwanjati near Chileka Mbwazi River','Yes','Alive OnART','1997','2018-04-05','Male','Mother'),('1575','Richard Alli','2024-05-09',2.40,'Mariatu Alli','None','Kapinjiri near Mosque','Yes','Alive OnART','2326','2019-03-09','Male','Mother'),('1576','Tasisimu Moses','2024-05-19',2.60,'Sainab Mmadi','None','Chapola at Mdoka\'s residence near mosque','Yes','Alive OnART','1686','2017-05-29','Female','Mother'),('1577','Mary Yusufu','2024-05-22',2.40,'Lukiya Yusuf','None','Mtumbula at Balasani residence near football pitch','Yes','Alive OnART','3222','2024-01-22','Female','Mother'),('1578','Hawa Saizi','2024-05-23',2.80,'Grace Stephano','None','Rasjod at Chome','Yes','Alive OnART','2514','2019-11-07','Female','Mother'),('1581','Hazrat Jangiya','2024-05-05',3.80,'Halima Jangiya','0882395558','Issa @ Njolomole\'s residence ask mai mtelera','Yes','Alive OnART','3245','2022-10-31','Female','Mother'),('1582','Aisha sulaimana','2023-12-08',0.00,'Adija Kachepa','None','Taliya at Muli household','Yes','Alive OnART','3297','2024-05-28','Female','Mother'),('1583','Naomi Mustafa','2024-02-03',0.00,'Missa Msusa','None','Makumba at Mtukanika','Yes','Alive OnART','2566','2025-05-16','Female','Mother'),('1584','Mariam Lawrence','2024-04-20',3.00,'Hawa Lawrence','None','Tumbwe near mosque at Makwelera residence','Yes','Alive OnART','1130','2016-01-06','Female','Mother'),('1585','Daniel Saidi','2024-05-11',2.80,'Rhoda Jubeki','None','Mwanamdogo, Jubeki Residence near Kambuli Road','Yes','Alive OnART','2840','2021-09-04','Male','Mother'),('1586','Henry Saidi','2024-05-11',2.80,'Rhoda Jubeki','None','Mwanamdogo Jubeki residence near kambuli road','Yes','Alive OnART','2840','2021-09-04','Male','Mother'),('1587','Cassim Ibra','2024-06-03',3.00,'Patuma Shaibu','None','Ng\'ombe at Chande Residence','Yes','Alive OnART','3264','2024-04-01','Male','Mother'),('1588','Assan Alubi','2023-10-10',0.00,'Luna Yusuf','None','Tumbwe - Bembelesi at Mapisya','Yes','Alive No ART',NULL,NULL,'Male','Mother'),('1589','Salama Yusuf','2024-06-06',3.30,'Annie Aliki','None','Ng\'ombe near borehole at mkanga','Yes','Alive OnART','2759',NULL,'Female','Mother'),('1590','Swaifu Afick','2024-06-09',3.50,'Laje Daburo','None','Kapinjiri near 2nd borehole','Yes','Alive OnART','3250','2024-03-11','Male','Mother'),('1591','Abdulatifu Salade','2024-06-09',2.70,'Hawa Anusa','None','Mdoka @ naluma/Kalino Clan','Yes','Alive OnART','1619','2017-03-29','Male','Mother'),('1592','Agness Good','2024-06-09',3.30,'Asiyatu Adamu','None','Moto 1 near Mtengeza Primary School','Yes','Alive OnART','2851','2021-10-05','Female','Mother'),('1593','Isram Mugowa','2024-06-16',3.00,'Sifati Watch','None','Ng\'ombe near Mpinimbi ground','Yes','Alive OnART','3236','2024-02-12','Male','Mother'),('1594','Uma Isack','2024-06-18',2.90,'Saujatu Lali','None','Biti Kalanje near mosque','Yes','Alive OnART','2821','2021-07-19','Male','Mother'),('1596','Idrissah Ishmael','2024-06-21',2.80,'Sofia Singini','None','Mnekasya @ Sofia Residence near Mnekasya ground','Yes','Alive OnART','1444',NULL,'Male','Mother'),('1597','Jazaka Lenjere','2024-06-26',3.20,'Teuka Ajida','None','Ng\'ombe near Sikizi Tree','Yes','Alive OnART','2889','2021-12-21','Male','Mother'),('1598','Fatima Ibra','2024-06-03',3.00,'Wetu Abudu','None','Chilonga near Maize Mill','Yes','Alive OnART',NULL,NULL,'Female','Mother'),('1599','Ishamael Akileni','2024-02-13',0.00,'Alima Silaji','None','Taliya at malowa','Yes','Alive OnART','3309','2024-07-01','Male','Mother'),('1600','Samiyatu Hassan','2024-07-04',2.90,'Patricia Adam','None','Fowo at Miwawe Primary School','Yes','Alive OnART','1574','2017-02-20','Female','Mother'),('1601','Modester Chiwaya','2024-07-11',2.40,'Patricia Magwetsera','None','Tumbwe at Mr Chiwaya Residence near new apostolic church','Yes','Alive OnART','2098','2018-07-10','Female','Mother'),('1602','James Aufi','2024-06-04',3.00,'Ngikosye Bato','None','Matukuta near Borehole','Yes','Alive OnART','1933','2018-01-31','Male','Mother'),('1603','Samuel Simon','2024-07-12',3.40,'Eliza Simon','None','Fowo near borehole and maize mill','Yes','Alive OnART','599','2013-10-25','Male','Mother'),('1604','Lahema Mike','2024-07-13',3.40,'Ninga Dinesi','None','Fowo in between Mtumbula fowo','Yes','Alive OnART','2095','2018-07-10','Female','Mother'),('1605','Jazila Msusa','2024-07-13',2.70,'Agness Dalo','0990554380','Machakwani near Lake','Yes','Alive OnART','3231','2024-02-05','Female','Mother'),('1606','Lashida Filimoni','2024-07-12',3.50,'Marriam Issa','None','Mbanda near Football ground @ Mustaf Residence','Yes','Alive OnART','1294','2016-05-23','Female','Mother'),('1607','Hawa Saizi','2024-07-19',2.70,'Mwamini Kalembo','None','Kapinjiri near borehole','Yes','Alive OnART','32','2020-10-18','Female','Mother'),('1608','Ashraf Mussa','2024-07-01',3.00,'Lusi John','None','Mbuzi Lusinga residence near mosque','Yes','Alive OnART','2960','2022-05-26','Male','Mother'),('1609','Hanifu Asidi','2024-07-27',3.00,'Tabiya Frank','None','Tumbwe at Mtenje near borehole','Yes','Alive OnART','2139','2018-08-27','Male','Mother'),('1610','Bashil Bwanali','2024-07-29',3.20,'Saujati Saizi','None','Ng\'ombe near borehole at kasimbo residence','Yes','Alive OnART','398','2013-04-17','Male','Mother'),('1611','Bashir Mkali','2024-06-18',3.00,'Esime Amadu','None','Liwale at Kutayila','Yes','Alive OnART','2753','2021-03-16','Male','Mother'),('1613','Ayam Edward','2024-08-04',3.00,'Ayami Edward','None','None','Yes','Alive OnART','2292',NULL,'Male','Mother'),('1614','Daudi Medson','2024-08-06',3.10,'Zainab Kassim','None','Taliya near mosque at douglas clan','Yes','Alive OnART','2475','2019-09-16','Male','Mother'),('1615','Maria Anord','2023-10-23',3.50,'Falida Wilson','None','Magongwe near Aphungu at matinga clan','Yes','Alive OnART','436','2013-06-05','Female','Mother'),('1616','Asuman Amosi','2024-08-15',3.10,'Joyce Awadu','None','Chilonga near Mosque @ chendapire residence','Yes','Alive OnART','1048','2024-10-05','Female','Mother'),('1617','Rashman Kasimu','2024-08-15',3.00,'Patuma Kasimu','None','Mtaka @ Eliya residence','Yes','Alive OnART','3372','2024-04-22','Male','Mother'),('1618','Yusufu Kasito','2024-07-31',3.20,'Saujati Assan','None','Machakwani @ Che somba residence near mosque','Yes','Alive OnART','1518','2016-12-07','Male','Mother'),('1619','Fatima Saidi','2024-08-16',2.90,'Lusia Asani','None','Mbanda near market at Biti Issa residence','Yes','Alive OnART','2628','2020-05-18','Female','Mother'),('1620','Usimamu Yahaya','2024-08-21',3.10,'Zainab Yahaya','None','Issa near Mosque at GVH','Yes','Alive OnART','998','2015-06-22','Male','Mother'),('1622','Frank Alimia','2024-08-13',2.60,'Mariam Marekano','None','Taliya near mosque at Mkono','Yes','Alive OnART','2131','2018-08-20','Male','Mother'),('1623','Daudi Loya','2024-08-25',2.90,'Adidya James','0886747643','Moto near mosque new at Daudi Residence','Yes','Alive OnART','1582','2017-03-01','Male','Mother'),('1624','Zainab Rashid','2024-06-17',2.80,'Didya Adimu','None','Moto','Yes','Alive OnART','155','2024-03-07','Female','Mother'),('1625','Razaq Ibula','2024-08-26',2.50,'Marriam Aliba','None','Moto at Koloko residence','Yes','Alive OnART','1913','2018-01-22','Male','Mother'),('1626','Shukulani Saidi','2024-08-28',2.90,'Lucy Saidi','None','Kapinjiri at Kaondo Residence','Yes','Alive OnART','338','2013-01-09','Male','Mother'),('1627','Daudi Yasin','2024-08-30',2.70,'Zainab Saidi','0888795978','Ng\'ombe at chemtawu residence near maize mill','Yes','Alive OnART','2922','2022-02-28','Male','Mother'),('1628','Lukia Iman','2024-08-30',3.20,'Idess Justen','None','Mpundi near market at Mtabu residence','Yes','Alive OnART','2788','2021-05-05','Female','Mother'),('1629','Adam Abdul','2024-09-03',2.60,'Zainab Muhammad','None','Mwanjati near ground at seleman\'s residence','Yes','Alive OnART','919','2015-02-25','Male','Mother'),('1630','Junaidi Sanudia','2024-07-25',3.00,'Patuma Lenjere','None','Makumba near borehole at Abiti Makumba','Yes','Alive OnART','1199','2016-03-16','Male','Mother'),('1631','Fatima Daudi','2024-09-07',3.60,'Konasi Daudi','0998629432','Ng\'ombe near theh lake at Malane\'s residence','Yes','Alive OnART','1542','2017-01-11','Female','Mother'),('1632','Faith Josua','2024-09-17',2.70,'Martha Goodson','None','mwanjati at george clan near mwanjati primary','Yes','Alive OnART','3212',NULL,'Female','Mother'),('1633','Zainab Msusa','2024-09-03',3.30,'Usimene Ayami','None','Ng\'ombe at Malimbe msusa saidi residence','Yes','Alive OnART','1911','2018-01-18','Female','Mother'),('1634','Shulaimuna Mdala','2024-04-11',2.80,'Hanisha Assan','None','Biti Kalanje at Abiti Amusa\'s Clan','Yes','Alive OnART','2977','2022-06-28','Male','Mother'),('1635','Hamida Saidi','2024-09-07',2.90,'Alima Saidi','None','Matukuta near Mingole residence','Yes','Alive OnART','2636','2016-02-24','Female','Mother'),('1636','Ratifa Mussa','2024-09-19',2.50,'Hawa Ediga','None','Ng\'ombe Mpinimbi near john','Yes','Alive OnART','2284',NULL,'Female','Mother'),('1637','Indi Mbwana','2024-09-26',3.50,'Sarah Chintengo','0991315835','Mbanda near Kampepuza market at abdul residence','Yes','Alive OnART','1327','2016-06-22','Female','Mother'),('1638','Roshmil Alli','2023-10-10',0.00,'Abibi Silaji','None','Chapola @ Mapende (Chiwaya)','Yes','Alive OnART','3338','2024-09-30','Female','Mother'),('1640','Sainab Majidu','2024-10-01',2.50,'Sakina Amidu','None','Mbuzi @ Bakali residence near borehole','Yes','Alive OnART','1605','2017-03-20','Female','Mother'),('1641','Shanifu Julius','2024-10-01',2.70,'Pakombwere Alabi','None','Fowo village at Biti white residence near miwawe river','Yes','Alive OnART','279','2012-09-05','Male','Mother'),('1642','Precious Banda','2024-10-06',3.00,'Lucy Kalu','None','Talia at bakali','Yes','Alive OnART','2801','2019-07-29','Male','Mother'),('1644','Bright Phiri','2024-10-06',2.90,'Lexa Chizimba','0886200692','Taliya Village taliya turn off left side ask for chimbalanga','Yes','Alive OnART','3271','2024-04-22','Male','Mother'),('1645','Shukulani Sefu','2024-10-08',2.30,'Machemba Sefu','None','Mlanichapola turn at titukulane sign post as we are going to the lake near mosque','Yes','Alive OnART','232','2012-07-01','Male','Mother'),('1646','Jazaka Sefu','2024-10-08',2.50,'Machemba Sefu','None','Mlanichapola at titukulane sign post','Yes','Alive OnART','232','2012-07-04','Male','Mother'),('1647','Razack Banaba','2024-07-19',2.90,'Sifati Msusa','None','Chapola near mosque at Daudi Residence','Yes','Alive OnART','278','2012-09-26','Male','Mother'),('1648','Yusuf Ishmael Msusa','2024-08-14',3.00,'Zione Msusa','None','Fowo at che waya near borehole','Yes','Alive OnART','3290','2024-05-20','Male','Mother'),('1649','Hawa Silaji','2024-10-27',3.60,'Essi John','None','Kapangula near borehole matengula residence','Yes','Alive OnART','2711','2020-12-14','Female','Mother'),('1650','Issa Hatiba','2024-09-22',3.00,'Sewa Amidu','None','Lungwena near CCAP church at patelise residence','Yes','Alive OnART','2708','2021-01-25','Male','Mother'),('1651','Samson Abdul','2024-10-17',3.00,'Patuma Awali','None','Moto near ntengeza kenaka kufusa khomo la amadu','Yes','Alive OnART',NULL,NULL,'Male','Mother'),('1652','Cassim Yusuf','2024-10-17',2.80,'Mariam Zimbabwe','None','Ng\'ombe near market at sapali residence known as a ku zimbabwe','Yes','Alive OnART','174','2011-03-15','Male','Mother'),('1653','Razack james','2024-09-10',3.20,'Hawa Mussa','None','Ng\'ombe at chifuwo','Yes','Alive OnART','985','2015-06-15','Male','Mother'),('1654','Patuma Shukurani','2024-11-05',2.70,'Patuma Assani','0993474705','Mwanjati at Sawanja near borehole','Yes','Alive OnART','3326','2024-08-19','Female','Mother'),('1655','Amina Hussein','2024-10-04',2.50,'Laita Lajab','None','Mlanimasyasya near taliya F.P. School, Chikole residence','Yes','Alive OnART','867','2024-10-04','Female','Mother'),('1656','Davie Walusa','2024-11-12',2.70,'Lucy Walusa','None','Mwanjati 1 @ Wasayo near Mwanjati School','Yes','Alive OnART','541','2013-10-02','Male','Mother'),('1658','Shukulani Mmadi','2024-11-13',2.80,'Luckia Mmadi','None','Ng\'ombe at lajabu\'s Residence near Msikizi','Yes','Alive OnART','2395','2019-06-07','Female','Mother'),('1659','Shumesidine Muhammad','2024-11-14',2.10,'Utule Allie','None','Magongwe at Chisanje\'s Residence near mosque','Yes','Alive OnART','3333','2024-09-09','Female','Mother'),('1660','Rame Selemani','2024-11-15',2.30,'Fatima Allie','None','Kwilasya Razinga residence near mosque','Yes','Alive OnART','577','2013-10-23','Female','Mother'),('1661','Juma Goliati','2024-11-15',3.10,'Sinjiri Goliati','None','Tumbwe Mdulu Village at Makwelera residence near Dimba','Yes','Alive OnART','2856','2021-10-18','Male','Mother'),('1662','Fauziya Makwinja','2024-11-19',2.90,'Asiyatu Makwinja','None','Ng\'ombe near School at Abiti Ali residence','Yes','Alive OnART','3317',NULL,'Female','Mother'),('1663','Agness Peter','2024-11-20',3.40,'Aisha Silaji','None','Machakwani at Omar residence near borehole','Yes','Alive OnART','3318',NULL,'Female','Mother'),('1664','Lajab Bwanali','2024-11-20',3.60,'Zione Ajati','None','Mnekasya at Labiano\'s residence near Kundi river','Yes','Alive OnART','2133',NULL,'Male','Mothe'),('1665','Mankwano Madayi','2023-07-18',0.00,'Shakira Yusuf','None','Ng\'ombe at martin\'s (Msikizi)','Yes','Alive OnART','2621','2019-10-29','Male','Mother'),('1666','Juma Yasini','2024-10-11',2.80,'Sigele Yasin','0991694033','Chapola Namabvi near chigayo chakambulire, Dyton residence','Yes','Alive OnART','2522',NULL,'Male','Mother'),('1668','Razack James','2024-12-06',3.30,'Tabia kassim','None','Ng\'ombe near kachete lake at Manjawira residence','Yes','Alive OnART','2608',NULL,'Male','Mother'),('1669','Sumaiya Hussein','2024-12-08',3.10,'Cecelia Rasheed','None','Taliya Near School at Issa Residence','Yes','Alive OnART','3083',NULL,'Female','Mother'),('1670','Falida Shababi','2024-09-05',2.10,'Saujati Anafi','None','Chipeleka near shcool at che linje residence','Yes','Alive OnART','2651','2022-11-28','Female','Mother'),('1672','Dija Mdala','2025-01-01',2.80,'Hajira Mdala','0988902887','Chapola near mosque at Mpende residence','Yes','Alive OnART','876',NULL,'Female','Mother'),('1673','Natasha Hamza','2023-03-10',0.00,'Asiyatu Saidi','None','Matenganya at  Keyala','Yes','Alive OnART','3384','2025-01-16','Female','Mother'),('1674','Nazeer Abrahaman','2025-01-17',2.20,'Hawa Rajab','0995123289','Fow behind the market at Adam\'s residence','Yes','Alive OnART','752',NULL,'Male','Mother'),('1675','Aisha Allie','2025-01-17',2.90,'Asiyatu Fosiko','None','Chapola near mosque at sefu residence','Yes','Alive OnART','2020',NULL,'Female','Mother'),('1676','Estery Usi','2025-01-19',2.60,'Rose Usi','None','Ng\'ombe near the lake at mhango residence','Yes','Alive OnART','3214',NULL,'Female','Mother'),('1677','Sime Muhammad','2024-12-26',2.60,'Mariam Ibra','None','Fowo','Yes','Alive OnART','2836','2021-08-23','Female','Mother'),('1678','Lukushena Alick','2025-01-21',2.80,'Asiyatu Billy','None','Issa near graveyard at Issa residence ask mai ake a zakiya','Yes','Alive OnART','3008',NULL,'Female','Mother'),('1679','Sara Adam','2025-01-31',3.40,'Mariam Adam','None','Naluma near Lajab maize meal at Kalino clan','Yes','Alive OnART','2616',NULL,'Female','Mother'),('1680','Edward Kasimu','2025-02-03',3.00,'Rose Katengu','None','Chilonga near Dam at Windo residence','Yes','Alive OnART','1834',NULL,'Male','Mother'),('1681','Shalifa Issa','2025-02-03',2.30,'Zainab John','None','Ng\'ombe @ Kazembe','Yes','Alive OnART','1743',NULL,'Female','Mother'),('1682','Junaidi Anisa','2025-02-02',3.20,'Sakina Iron','0886743688','M\'doka chowe at Biti Shaibu near Mlambe tree','Yes','Alive OnART','2684',NULL,'Male','Mother'),('1683','Jazaka Liya','2025-01-22',3.20,'Lima Liya','None','Talia near mosque at muli last mosque','Yes','Alive OnART','1180',NULL,'Male','Mother'),('1684','Atupele Asima','2025-01-22',3.00,'Amina Shaibu','None','Machakwani at Lilongwe along the lake','Yes','Alive OnART','848',NULL,'Female','Mother'),('1685','Mariam Mussa','2025-02-10',1.90,'Patuma Saidi','None','Ng\'ombe near borehole','Yes','Alive OnART','3379',NULL,'Female','Mother'),('1686','Chikondi Mussa','2025-02-10',1.70,'Patuma Saidi','None','Ng\'ombe near borehole','Yes','Alive OnART','3379',NULL,'Male','Mother'),('1687','Hanisha Yusufu','2025-02-12',1.90,'Rose Islam','None','Magongwe near Mdalamakumba school','Yes','Alive OnART','13',NULL,'Female','Mother'),('1688','Amina Namwera','2025-02-12',3.30,'Aisha Wayala','None','Kapinjiri near Mosque','Yes','Alive OnART',NULL,NULL,'Female','Mother'),('1689','Laisa Missi','2024-12-24',3.00,'Saituna Missi','None','Malunda at Lemani residence near borehole','Yes','Alive OnART','2644',NULL,'Female','Mother'),('1691','Issa Ajusu','2025-12-17',3.00,'Marriam Jafali','None','Mlani masyasya Ukanda residence near borehole','Yes','Alive OnART','2443',NULL,'Male','Mother'),('1692','Mirriam Mustafa','2025-01-10',3.00,'Mirriam Mustafa','None','Chilonga at che Window','Yes','Alive OnART','639','2020-04-09','Female','Mother'),('1693','Fahim Yahaya','2025-02-24',3.10,'Mariam Yahaya','None','Chapola at biti majawa residence near market','Yes','Alive OnART','2766',NULL,'Male','Mother'),('1694','Hanilu Jawadu','2025-02-27',3.30,'Stella Lucius','None','Rashid at Mwase\'s Residence','Yes','Alive OnART','3186',NULL,'Male','Mother'),('1695','Veronica Mwamadi','2024-12-29',3.00,'Edina Kachepa','None','Tumbwe @ Masuku near CCAP Church','Yes','Alive OnART','757',NULL,'Female','Mother'),('1696','Hanifu Janes','2025-03-07',2.30,'Kuseka William','None','Mlanimasyasya at chesomba\'s residence near river','Yes','Alive OnART',NULL,NULL,'Male','Mother'),('1699','Gloria Wilson','2025-03-19',3.00,'Veronica Moses','None','matukuta at Raphael Residence','Yes','Alive OnART','2184',NULL,'Female','Mother'),('1700','Aida Duncan','2024-09-20',2.90,'Patuma Saidi','None','Ng\'ombe @ Mtendele','Yes','Alive OnART',NULL,'2024-09-20','Female','Mother'),('1702','Issa Msusa','2025-03-22',3.30,'Marriam Saiti','None','Ng\'ombe near borehole at safari residence','Yes','Alive OnART','1996',NULL,'Male','Mother'),('1703','Blisseings Dyason','2025-04-08',1.90,'Grace Banda','None','Fowo at Ndileya\'s residence near borehole','Yes','Alive OnART','1277',NULL,'Male','Mother'),('1704','Paulos Dyson','2025-04-08',1.60,'Grace Panda','None','Fowo at Ndileya\'s residence near borehole','Yes','Alive OnART','1277',NULL,'Male','Mother'),('1705','Zainab Jonasi','2025-04-08',2.90,'Maria Namate','None','Issa near the village headman at holande residence','Yes','Alive OnART','238',NULL,'Female','Mother'),('1707','Lilian Chikumbutso','2025-04-10',2.70,'Halima Frank','None','Rashid near borehole at frank trace residence','Yes','Alive OnART','3370','2024-12-16','Female','Mother'),('1708','Felix Kaluwa','2025-04-14',3.20,'Sumaya William','None','Ng\'ombe at Kalowo residence near lake','Yes','Alive OnART','3351',NULL,'Male','Mother'),('1709','Bibi Mbaya','2025-02-04',2.40,'Mbuseje Msusa','None','Biti kalanje at Piyasi','Yes','Alive OnART','150','2012-02-29','Female','Mother'),('1710','Atupele Rashid','2025-04-08',2.50,'Asiyatu Imedi','None','Mtaka 2 near nursery school sign post at sabiti','Yes','Alive OnART','3051',NULL,'Female','Mother'),('1711','Ishmael Mbwana','2025-04-19',2.80,'Jackreen Leonard','None','Mbuzi near mosque at Mapudi','Yes','Alive OnART','1520',NULL,'Male','Mother'),('1714','Shaniya Ajison','2025-04-28',3.30,'Asiyatu Jali','None','Mpundi at Pausanda\'s residence near graveyard','Yes','Alive OnART',NULL,NULL,'Female','Mother'),('1715','Lashima Akidu','2025-04-29',3.30,'Lima Majidu','None','Ng\'ombe at Mandiwaza\'s residence near shops','Yes','Alive OnART','2323',NULL,'Female','Mother'),('1716','Razack Twaibu','2025-05-02',3.60,'Edina Twaibu','None','Chapola near the Lake at Mr usuman\'s Residence','Yes','Alive OnART','596','2013-11-26','Male','Mother'),('1717','Charity Jannatu','2025-05-12',2.90,'Dija Kazembe','None','Mpundi','Yes','Alive OnART','1449',NULL,'Female','Mother'),('1718','Abdulrazack Kalisa','2025-04-22',3.00,'Fatima Anafi','0885481060','Mdala at abiti Mussa at Baobab tree after lugola primary','Yes','Alive OnART','2834',NULL,'Male','Mother'),('1719','Sallina John','2025-05-28',3.00,'Hawa Abudu','None','Biti kalanje at Biti Yasin\'s residence near football groung','Yes','Alive OnART','2417',NULL,'Female','Mother'),('1720','Jamila Yusuf','2025-03-16',3.00,'Zalia Belo','None','Chapola at Chitambo near lake','Yes','Alive OnART','464',NULL,'Female','Mother'),('1721','Chisomo Tobias','2023-07-06',0.00,'Luciano John','None','Moto @ Kamkwalala','Yes','Alive OnART','3423','2025-05-30','Male','Mother'),('1722','Abdul Saiti','2025-05-31',2.70,'Pakombwere Alli','None','Mpundi near Mosque at Mtola','Yes','Alive OnART','3424','1900-01-01','Male','Mother'),('1723','Zainab Abdul','2025-06-01',3.50,'Maimuna Usseni','None','Chapola near borehole at Windimedi residence','Yes','Alive OnART','2716','2020-12-22','Female','Mother'),('1724','Grace Asedi','2025-06-06',3.00,'Asiyatu Geofrey','None','Mwanjati near Mwanjati Primary','Yes','Alive OnART','1834','1900-01-01','Female','Mother'),('1725','Lucia Geofrey','2025-06-10',3.20,'Grace Alli','None','Mpundi near Manyumba ten at Samuel Kanjoka\'s Residence','Yes','Alive OnART','2334','2019-03-21','Female','Mother'),('1726','Haji Asick','2025-06-14',3.20,'Hawa Kasimu','None','Ng\'ombe at Twaibu\'s residence near borehole','Yes','Alive OnART','3050','2020-02-28','Male','Mother'),('1727','Falida Nufu','2025-06-16',2.00,'Labia Anafi','None','Chapola At Mbobo\'s Residence near Borehole','Yes','Alive OnART','809','2014-09-01','Female','Mother'),('1730','Bonomali Jella','2025-06-22',2.70,'Patuma Jella','None','Liwale at Makawa near ground and borehole','Yes','Alive OnART','2464','2018-04-25','Male','Mother'),('1731','Saudi Issa','2025-06-15',3.00,'Maimuna Time','None','Mwanjati near Chikwangwani cha Mwanjati Primary Schook ask for a telala a time','Yes','Alive OnART','3392','2025-02-24','Male','Mother'),('1732','Shabilu Kassimu','2025-05-15',2.60,'Bibi Oliva','None','Matukuta at Bonomali near Miwawe','Yes','Alive OnART','2085','2018-06-28','Male','Mother'),('1734','Rajifu Seleman','2025-07-01',2.80,'Emele Rabson','None','Ng\'ombe near football ground at chikoko residence','Yes','Alive OnART','2314','2019-02-21','Male','Mother'),('1735','Asibu Jonathan','2025-07-08',3.20,'Longwele Amini','None','Tumbwe at Makwelera','Yes','Alive OnART','1656',NULL,'Male','Mother'),('1736','Faiza Jafali','2025-04-10',3.30,'Zaione Amadu','None','Matanda near borehole','Yes','Alive OnART','2265',NULL,'Female','Mother'),('1737','Tupele Freza','2025-06-23',3.40,'Mariatu Freza','None','Moto near Mtengeza Primary khomo apiti islam','Yes','Alive OnART','3406','2025-03-17','Female','Mother'),('8000','Test client','2025-07-15',3.50,'Ineyo','None','Chilonga','Yes','Alive OnART',NULL,NULL,'Male','Mother');
/*!40000 ALTER TABLE `children_child` ENABLE KEYS */;
UNLOCK TABLES;

--
-- Table structure for table `children_childvisit`
--

DROP TABLE IF EXISTS `children_childvisit`;
/*!40101 SET @saved_cs_client     = @@character_set_client */;
/*!50503 SET character_set_client = utf8mb4 */;
CREATE TABLE `children_childvisit` (
  `id` bigint NOT NULL AUTO_INCREMENT,
  `visit_date` date DEFAULT NULL,
  `height` decimal(5,2) DEFAULT NULL,
  `weight` decimal(5,2) DEFAULT NULL,
  `muac` decimal(4,1) DEFAULT NULL,
  `wasting` varchar(4) CHARACTER SET utf8mb4 COLLATE utf8mb4_general_ci DEFAULT NULL,
  `breastfeeding` varchar(10) CHARACTER SET utf8mb4 COLLATE utf8mb4_general_ci DEFAULT NULL,
  `mother_art_status` varchar(10) CHARACTER SET utf8mb4 COLLATE utf8mb4_general_ci DEFAULT NULL,
  `clinical_monitoring` varchar(10) CHARACTER SET utf8mb4 COLLATE utf8mb4_general_ci DEFAULT NULL,
  `hiv_testing` varchar(10) CHARACTER SET utf8mb4 COLLATE utf8mb4_general_ci DEFAULT NULL,
  `infection_status` varchar(20) CHARACTER SET utf8mb4 COLLATE utf8mb4_general_ci DEFAULT NULL,
  `cpt_given` int unsigned DEFAULT NULL,
  `follow_up_outcome` varchar(10) COLLATE utf8mb4_general_ci DEFAULT NULL,
  `next_appointment_or_outcome_date` date DEFAULT NULL,
  `child_id` int NOT NULL,
  `drug_given` varchar(10) CHARACTER SET utf8mb4 COLLATE utf8mb4_general_ci DEFAULT NULL,
  `art_number` int DEFAULT NULL,
  PRIMARY KEY (`id`),
  KEY `children_childvisit_child_id_15ab8f13_fk_children_` (`child_id`),
  CONSTRAINT `children_childvisit_child_id_15ab8f13_fk_children_` FOREIGN KEY (`child_id`) REFERENCES `children_child` (`hcc_number`),
  CONSTRAINT `children_childvisit_chk_1` CHECK ((`cpt_given` >= 0))
) ENGINE=InnoDB AUTO_INCREMENT=350 DEFAULT CHARSET=utf8mb4 COLLATE=utf8mb4_general_ci;
/*!40101 SET character_set_client = @saved_cs_client */;

--
-- Dumping data for table `children_childvisit`
--

LOCK TABLES `children_childvisit` WRITE;
/*!40000 ALTER TABLE `children_childvisit` DISABLE KEYS */;
INSERT INTO `children_childvisit` VALUES (4,'2025-07-08',71.00,8.50,13.0,'No','M','On ART','NAD','No','A',180,'Con','2025-10-03','1566','CPT',NULL),(5,'2025-07-08',52.00,NULL,NULL,'No','Exc','On ART','NAD','Dbs','A',90,'Con','2025-10-10','1723','CPT',NULL),(6,'2025-07-08',80.00,9.70,13.9,'No','<6','On ART','NAD','No','D',180,'Con','2025-10-03','1489','CPT',NULL),(8,'2025-07-09',52.00,NULL,NULL,'No','Exc','On ART','NAD','Dbs','A',30,'Con','2025-08-08','1719','CPT',NULL),(9,'2025-07-09',NULL,NULL,NULL,NULL,NULL,NULL,NULL,'Rt','C',NULL,'Dis','2025-07-09','1454','CPT',NULL),(10,'2025-07-09',70.00,8.80,14.5,'No','M','On ART','NAD','No','D',180,'Con','2025-10-04','1640','CPT',NULL),(11,'2025-07-08',NULL,2.80,NULL,'No','Exc','On ART','NAD','No','C',105,'Con','2025-08-08','1734','NVP',NULL),(12,'2025-06-22',NULL,2.70,NULL,'No','Exc','On ART','NAD','No','C',200,'Con','2025-08-04','1730','NVP',NULL),(13,'2025-06-15',NULL,3.00,NULL,'No','Exc','On ART','NAD','No','C',60,'Con','2025-07-31','1731','2P',NULL),(14,'2025-06-14',NULL,3.20,NULL,'No','Exc','On ART','NAD','No','C',NULL,'Con','2025-07-25','1726','NVP',NULL),(15,'2025-06-10',NULL,3.20,NULL,'No','Exc','On ART','NAD','No','C',NULL,'Con','2025-07-23','1725','NVP',NULL),(16,'2025-06-16',NULL,2.00,NULL,'No','Exc','On ART','NAD','No','C',NULL,'Con','2025-07-25','1727','NVP',NULL),(17,'2025-06-06',NULL,2.70,NULL,'No','Exc','On ART','NAD','No','C',NULL,'Con','2025-07-14','1722','NVP',NULL),(18,'2025-05-02',NULL,3.60,NULL,'No','Exc','On ART','NAD','No','C',200,'Con','2025-06-13','1716','NVP',NULL),(19,'2025-06-13',58.00,6.10,NULL,'No','Exc','On ART','NAD','Dbs','A',180,'Con','2025-08-06','1716','CPT',NULL),(20,'2025-05-15',NULL,2.60,NULL,'No','Exc','On ART','NAD','No','C',200,'Con','2025-06-30','1732','NVP',NULL),(21,'2025-06-30',54.00,4.80,NULL,'No','Exc','On ART','NAD','Dbs','C',90,'Con','2025-10-03','1732','CPT',NULL),(22,'2025-05-12',NULL,2.90,NULL,'No','Exc','On ART','NAD','No','C',200,'Con','2025-06-23','1717','NVP',NULL),(23,'2025-06-26',54.00,5.00,NULL,'No','Exc','On ART','NAD','Dbs','C',90,'Con','2025-10-03','1717','CPT',NULL),(24,'2025-04-15',NULL,3.20,NULL,'No','Exc','On ART','NAD','No','C',200,'Con','2025-05-30','1708','NVP',NULL),(25,'2025-05-30',NULL,5.20,NULL,'No','Exc','On ART','NAD','Dbs','A',30,'Con','2025-06-27','1708','CPT',NULL),(26,'2025-06-30',59.00,6.00,NULL,'No','Exc','On ART','NAD','No','C',180,'Con','2025-09-19','1708','CPT',NULL),(27,'2025-04-28',NULL,3.30,NULL,'No','Exc','On ART','NAD','No','C',200,'Con','2025-06-13','1714','NVP',NULL),(28,'2025-04-29',NULL,3.30,NULL,'No','Exc','On ART','NAD','No','C',200,'Con','2025-06-13','1715','NVP',NULL),(29,'2025-06-13',58.00,5.50,NULL,'No','Exc','On ART','NAD','Dbs','A',90,'Con','2025-09-05','1715','CPT',NULL),(30,'2025-04-16',NULL,2.80,NULL,'No','Exc','No ART','NAD','No','C',200,'Con','2025-05-20','1710','NVP',NULL),(31,'2025-05-20',56.00,4.50,NULL,'No','Exc','On ART','NAD','No','C',60,'Con','2025-07-11','1710','CPT',NULL),(32,'2025-04-08',NULL,1.90,NULL,'No','Exc','On ART','NAD','No','C',200,'Con','2025-05-23','1703','NVP',NULL),(33,'2025-06-06',47.00,2.90,NULL,'No','Exc','On ART','NAD','Dbs','A',120,'Con','2025-10-02','1703','CPT',NULL),(34,'2025-04-08',NULL,1.60,NULL,'No','Exc','On ART','NAD','Dbs','A',200,'Con','2025-05-23','1704','NVP',NULL),(35,'2025-06-06',47.00,3.20,NULL,'No','Exc','On ART','NAD','Dbs','A',120,'Con','2025-10-02','1704','CPT',NULL),(36,'2025-05-28',51.00,5.50,NULL,'No','Exc','On ART','NAD','No','C',200,'Con','2025-06-05','1718','NVP',NULL),(37,'2025-06-06',51.00,5.50,NULL,'No','Exc','On ART','NAD','Dbs','A',90,'Con','2025-09-03','1718','CPT',NULL),(38,'2025-04-09',NULL,2.90,NULL,'No','Exc','On ART','NAD','No','C',100,'Con','2025-05-23','1705','NVP',NULL),(39,'2025-06-06',52.00,5.00,NULL,'No','Exc','On ART','NAD','Dbs','C',90,'Con','2025-09-05','1705','CPT',NULL),(40,'2025-04-10',NULL,2.70,NULL,'No','Exc','On ART','NAD','No','C',100,'Con','2025-05-23','1707','NVP',NULL),(41,'2025-07-01',NULL,58.00,NULL,'No','Exc','On ART','NAD','Dbs','C',90,'Con','2025-09-19','1707','CPT',NULL),(42,'2025-04-19',NULL,2.80,NULL,'No','Exc','On ART','NAD','No','C',200,'Con','2025-05-30','1711','NVP',NULL),(43,'2025-05-30',53.00,5.00,NULL,'No','Exc','On ART','NAD','Dbs','A',90,'Con','2025-08-08','1711','CPT',NULL),(44,'2025-03-23',NULL,3.30,NULL,'No','Exc','On ART','NAD','No','C',100,'Con','2025-05-09','1702','NVP',NULL),(45,'2025-05-30',59.00,5.90,NULL,'No','Exc','On ART','NAD','Dbs','C',90,'Con','2025-08-22','1720','CPT',NULL),(46,'2025-06-26',NULL,NULL,NULL,'No','Exc','On ART','NAD','No','C',NULL,'To','2025-06-26','1699',NULL,NULL),(47,'2025-04-18',NULL,3.40,NULL,'No','Exc','On ART','NAD','No','C',90,'Con','2025-07-16','1696','CPT',NULL),(48,'2025-03-28',49.00,3.80,NULL,'No','Exc','On ART','NAD','Dbs','A',91,'Con','2025-06-20','1685','CPT',NULL),(49,'2025-03-28',50.10,4.00,NULL,'No','Exc','On ART','NAD','Dbs','A',90,'Con','2025-06-20','1686','CPT',NULL),(50,'2025-04-15',NULL,NULL,NULL,'No','Exc','On ART','NAD','Dbs','A',90,'Con','2025-07-04','1709','CPT',NULL),(51,'2025-07-01',62.00,6.00,NULL,'No','M','On ART','NAD','No','C',180,'Con','2025-09-26','1688','CPT',NULL),(52,'2025-07-01',61.00,5.50,NULL,'No','M','On ART','NAD','No','C',90,'Con','2025-09-26','1687','CPT',NULL),(53,'2025-05-02',62.00,7.30,NULL,'No','Exc','On ART','NAD','No','C',180,'Con','2025-07-25','1682','CPT',NULL),(54,'2025-04-04',57.00,5.50,NULL,'No','Exc','On ART','NAD','Dbs','A',120,'Con','2025-07-10','1693','CPT',NULL),(55,'2025-06-27',63.00,6.60,NULL,'No','Exc','On ART','NAD','No','C',120,'Con','2025-10-31','1681','CPT',NULL),(56,'2025-06-27',73.00,9.60,NULL,'No','Exc','On ART','NAD','No','C',180,'Con','2025-09-19','1680','CPT',NULL),(57,'2025-04-11',57.00,6.40,NULL,'No','Exc','On ART','NAD','Dbs','A',120,'Con','2025-07-18','1694','CPT',NULL),(58,'2025-05-30',NULL,NULL,NULL,'No','Exc','On ART','NAD','No','C',360,'Con','2025-11-21','1674','CPT',NULL),(59,'2025-05-30',62.00,NULL,NULL,'No','Exc','On ART','NAD','No','C',90,'Con','2025-08-22','1684','CPT',NULL),(60,'2025-04-25',63.00,NULL,NULL,'No','Exc','On ART','NAD','No','C',180,'Con','2025-07-25','1672','CPT',NULL),(61,'2025-05-16',64.00,NULL,NULL,'No','Exc','On ART','NAD','No','C',180,'Con','2025-08-15','1675','CPT',NULL),(62,'2025-04-07',NULL,NULL,NULL,'No','Exc','On ART','NAD','Dbs','A',180,'Con','2025-07-18','1676','CPT',NULL),(63,'2025-02-21',54.00,NULL,NULL,'No','Exc','On ART','NAD','No','C',90,'Con','2025-05-16','1692','CPT',NULL),(64,'2025-06-06',58.00,6.00,NULL,'No','Exc','On ART','NAD','No','C',180,'Con','2025-09-05','1678','CPT',NULL),(65,'2025-06-06',640.00,8.50,NULL,'No','M','On ART','Sick','No','C',180,'Con','2025-09-05','1683','CPT',NULL),(66,'2025-06-18',NULL,NULL,NULL,'No','Exc','On ART','NAD','No','C',NULL,'To','2025-06-18','1724','CPT',NULL),(67,'2025-05-19',57.00,5.90,NULL,'No','Exc','On ART','NAD','Dbs','A',90,'Con','2025-08-15','1736','CPT',NULL),(68,'2025-07-08',NULL,3.20,NULL,'No','Exc','On ART','NAD','No','C',200,'Con','2025-08-19','1735','NVP',NULL),(69,'2025-07-10',82.00,13.00,17.5,'No','Exc','On ART','NAD','Rt','A',NULL,'Dis','2025-07-10','1460','None',NULL),(70,'2025-07-10',66.00,7.60,12.5,'No','M','On ART','Sick','No','C',180,'Con','2025-09-26','1637','CPT',NULL),(71,'2025-07-11',NULL,NULL,NULL,NULL,'M','On ART',NULL,'No','C',180,'Con','2025-10-10','1481','CPT',NULL),(72,'2025-07-11',73.00,8.00,13.5,'No','Exc','On ART','NAD','No','C',180,'Con','2025-10-17','1594','CPT',NULL),(73,'2025-07-11',70.00,8.00,12.8,'No','Exc','On ART','NAD','No','C',180,'Con','2025-10-10','1573','CPT',NULL),(74,'2025-07-11',68.00,8.00,13.0,'No','Exc','On ART','NAD','No','C',180,'Con','2025-10-03','1648','CPT',NULL),(75,'2025-07-11',80.00,11.30,14.0,'No','Exc','On ART','NAD','Rt','A',NULL,'Dis','2025-07-11','1451','None',NULL),(76,'2025-07-11',64.00,8.50,14.0,'No','M','On ART','NAD','No','C',180,'Con','2025-10-24','1663','CPT',NULL),(77,'2025-07-11',71.00,8.00,12.0,'No','M','On ART','NAD','No','C',180,'Con','2025-10-03','1570','CPT',NULL),(78,'2025-07-11',76.00,10.50,13.5,'No','M','On ART','NAD','No','C',180,'Con','2025-10-10','1524','CPT',NULL),(79,'2025-07-11',67.50,9.50,16.5,'No','M','On ART','NAD','No','A',180,'Con','2025-10-03','1601','CPT',NULL),(80,'2025-07-11',74.00,10.00,14.0,'No','M','On ART','NAD','Rt','A',180,'Con','2025-10-03','1610','CPT',NULL),(81,'2025-07-11',79.00,11.30,15.0,'No','M','On ART','NAD','Rt','A',180,'Con','2025-10-10','1597','CPT',NULL),(82,'2025-07-11',67.00,8.00,NULL,'No','M','On ART','NAD','No','C',180,'Con','2025-10-10','1693','CPT',NULL),(83,'2025-07-11',82.00,11.50,14.4,'No','M','On ART','NAD','No','C',180,'Con','2025-10-10','1562','CPT',NULL),(84,'2025-07-11',78.00,8.50,13.9,'No','M','On ART','NAD','No','C',120,'Con','2025-09-05','1635','CPT',NULL),(85,'2025-05-22',60.00,7.10,NULL,'No','Exc','On ART','NAD','Dbs','A',180,'Con','2025-08-15','1669','CPT',NULL),(86,'2025-06-03',69.00,9.50,15.0,'No','M','On ART','NAD','No','C',180,'Con','2025-09-05','1668','CPT',NULL),(87,'2025-06-02',64.00,7.40,13.0,'No','M','On ART','NAD','No','C',180,'Con','2025-08-22','1695','CPT',NULL),(88,'2025-05-07',66.00,7.00,NULL,'No','Exc','On ART','NAD','Dbs','A',180,'Con','2025-08-01','1677','CPT',NULL),(89,'2025-05-19',64.00,6.40,NULL,'No','Exc','On ART','NAD','Dbs','A',180,'Con','2025-08-15','1691','None',NULL),(90,'2025-04-29',64.00,7.60,NULL,'No','Exc','On ART','NAD','No','C',180,'Con','2025-07-21','1689','CPT',NULL),(91,NULL,NULL,NULL,NULL,'No','Exc','On ART','NAD','No','C',NULL,'To','2025-02-20','1656','CPT',NULL),(92,'2025-02-28',NULL,5.50,NULL,'No','Exc','On ART','NAD','Dbs','A',90,'Con','2025-05-30','1654','CPT',NULL),(93,'2025-04-18',NULL,7.00,NULL,'No','Exc','On ART','NAD','No','C',NULL,'Con','2025-07-11','1662','CPT',NULL),(94,'2025-05-16',65.00,7.40,13.0,'No','M','On ART','NAD','No','C',180,'Con','2025-08-08','1664','CPT',NULL),(95,'2025-05-09',74.00,8.50,15.0,'No','M','On ART','NAD','No','C',180,'Con','2025-08-01','1658','CPT',NULL),(96,'2025-04-01',59.00,6.10,NULL,'No','Exc','On ART','NAD','No','C',240,'Con','2025-07-18','1659','CPT',NULL),(97,'2025-06-06',66.00,7.00,12.5,'No','M','On ART','NAD','No','C',180,'Con','2025-09-05','1660','CPT',NULL),(98,'2025-06-20',60.00,6.60,12.5,'No','M','On ART','NAD','No','C',180,'Con','2025-09-12','1106','CPT',NULL),(99,'2025-06-06',70.00,8.60,NULL,'No','M','On ART','NAD','No','C',180,'Con','2025-08-29','1661','CPT',NULL),(100,'2025-06-19',68.00,7.70,13.5,'No','M','On ART','NAD','No','C',240,'Con','2025-10-17','1651','CPT',NULL),(101,'2025-06-13',NULL,8.30,NULL,'No','M','On ART','NAD','No','C',240,'Con','2025-10-10','1644','CPT',NULL),(102,'2025-05-30',72.00,7.90,NULL,'No','M','On ART','NAD','No','C',180,'Con','2025-08-22','1666','CPT',NULL),(103,'2025-06-27',69.00,8.90,14.7,'No','M','On ART','NAD','No','C',180,'Con','2025-09-19','1641','CPT',NULL),(104,'2025-06-27',66.00,7.90,14.0,'No','M','On ART','NAD','No','C',180,'Con','2025-09-19','1655','CPT',NULL),(105,'2025-04-22',67.00,8.00,NULL,'No','Exc','On ART','NAD','No','C',180,'Con','2025-07-13','1646','CPT',NULL),(106,'2025-07-14',71.00,8.50,NULL,'No','C','On ART','NAD','Rt','A',NULL,'Dis','2025-07-14','1452','None',NULL),(107,'2025-07-14',60.00,6.40,NULL,'No','Exc','On ART','NAD','No','C',90,'Con','2025-10-03','1686','CPT',NULL),(108,'2025-07-14',84.00,10.50,NULL,'No','M','On ART','NAD','No','C',180,'Con','2025-10-09','1504','CPT',NULL),(109,'2025-07-14',63.00,7.20,NULL,'No','Exc','On ART','NAD','No','C',90,'Con','2025-10-03','1685','CPT',NULL),(110,'2025-04-01',NULL,7.90,NULL,'No','M','On ART','NAD','No','C',180,'Con','2025-06-27','1652','CPT',NULL),(111,'2025-06-20',69.10,7.80,12.0,'No','M','On ART','NAD','No','C',180,'Con','2025-09-19','1649','CPT',NULL),(112,'2025-04-22',67.00,8.70,NULL,'No','M','On ART','NAD','No','C',180,'Con','2025-07-13','1645','CPT',NULL),(113,NULL,NULL,NULL,NULL,'No','Exc','On ART','NAD','No','C',NULL,'To','2025-07-15','1642','CPT',NULL),(115,'2025-06-06',63.00,7.60,13.0,'No','M','On ART','NAD','No','C',240,'Con','2025-09-26','1670','CPT',NULL),(116,'2025-03-21',63.00,6.90,NULL,'No','Exc','On ART','NAD','No','C',30,'Con','2025-04-11','1700','CPT',NULL),(117,'2025-04-28',68.00,8.20,NULL,'No','M','On ART','NAD','No','C',NULL,'Con','2025-07-18','1650','CPT',NULL),(118,'2025-05-02',72.00,6.50,11.2,'Mod','Exc','On ART','NAD','No','C',180,'Con','2025-07-25','1636','CPT',NULL),(119,'2025-05-20',73.00,8.60,NULL,'No','M','On ART','NAD','No','C',240,'Con','2025-09-12','1653','CPT',NULL),(120,'2025-06-27',72.00,9.10,NULL,'No','M','On ART','NAD','No','C',180,'Con','2025-09-19','1632','CPT',NULL),(121,'2025-04-18',NULL,8.60,NULL,'No','M','On ART','NAD','No','C',180,'Con','2025-07-18','1629','CPT',NULL),(122,'2024-09-03',NULL,3.30,NULL,'No','Exc','On ART','NAD','No','C',30,'Con','2024-10-11','1633','2P',NULL),(124,'2025-06-17',96.00,9.50,14.0,'No','M','On ART','NAD','No','C',120,'Con','2025-08-08','1614','CPT',NULL),(125,'2025-05-30',76.00,9.00,NULL,'No','M','On ART','NAD','No','C',180,'Con','2025-08-29','1625','CPT',NULL),(126,NULL,NULL,NULL,NULL,'No','Exc','On ART','NAD','No','C',NULL,'To','2025-05-02','1613','CPT',NULL),(127,'2025-06-20',73.00,9.60,14.0,'No','M','On ART','NAD','No','C',120,'Con','2025-08-15','1617','CPT',NULL),(128,'2025-04-11',NULL,8.80,NULL,'No','M','On ART','NAD','No','C',180,'Con','2025-07-11','1628','CPT',NULL),(129,'2025-03-21',64.00,7.50,NULL,'No','M','On ART','NAD','No','C',270,'Con','2025-08-15','1619','CPT',NULL),(130,'2025-06-06',73.00,9.00,14.5,'No','M','On ART','NAD','No','C',180,'Con','2025-08-29','1626','CPT',NULL),(131,'2025-06-06',68.00,7.50,13.0,'No','M','On ART','NAD','No','C',180,'Con','2025-08-29','1616','CPT',NULL),(132,'2025-04-04',66.00,6.80,12.1,'No','M','On ART','NAD','No','C',240,'Con','2025-08-01','1622','CPT',NULL),(133,'2025-04-23',69.00,9.90,NULL,'No','M','On ART','NAD','No','C',240,'Con','2025-08-15','1620','CPT',NULL),(134,'2025-04-30',66.00,10.00,15.0,'No','M','On ART','NAD','No','C',180,'Con','2025-09-05','1623','CPT',NULL),(135,'2025-04-18',91.00,9.10,NULL,'No','M','On ART','NAD','No','C',NULL,'Con','2025-07-18','1627','CPT',NULL),(136,'2025-05-23',NULL,NULL,NULL,'No','M','On ART','NAD','No','C',120,'Con','2025-07-18','1630','CPT',NULL),(137,'2024-07-12',3.50,8.70,NULL,'No','M','On ART','NAD','No','C',300,'Con','2025-07-18','1606','CPT',NULL),(138,NULL,NULL,NULL,NULL,'No','Exc','On ART','NAD','No','C',NULL,'Died','2025-07-15','1609','CPT',NULL),(139,'2025-04-10',68.00,8.60,13.2,'No','M','On ART','NAD','No','C',180,'Con','2025-06-27','1605','CPT',NULL),(140,'2025-07-11',75.00,8.00,13.0,'No','M','On ART','NAD','Rt','A',180,'Con','2025-10-10','1618','CPT',NULL),(141,'2025-06-27',70.00,8.90,14.5,'No','M','On ART','NAD','No','C',60,'Con','2025-07-18','1604','CPT',NULL),(142,'2025-06-27',71.00,8.90,14.0,'No','M','On ART','NAD','No','C',60,'Con','2025-07-18','1600','CPT',NULL),(143,'2024-10-24',46.00,3.40,NULL,'No','Exc','On ART','NAD','Dbs','A',90,'Con','2025-01-17','1647','CPT',NULL),(144,'2025-03-20',69.00,NULL,13.5,'No','Exc','On ART','NAD','No','C',180,'Con','2025-06-13','1607','CPT',NULL),(145,'2025-06-30',76.00,9.90,14.0,'No','M','On ART','NAD','Rt','A',180,'Con','2025-09-26','1608','CPT',NULL),(146,'2025-06-06',67.00,10.60,16.0,'No','M','On ART','NAD','No','C',120,'Con','2025-07-25','1603','CPT',NULL),(147,NULL,NULL,NULL,NULL,'No','Exc','On ART','NAD','No','C',NULL,'To','2024-10-17','1598','CPT',NULL),(148,'2025-06-30',78.00,11.20,15.4,'No','M','On ART','NAD','Rt','A',60,'Con','2025-07-25','1590','CPT',NULL),(149,'2025-06-13',72.00,10.10,16.0,'No','M','On ART','NAD','Rt','A',60,'Con','2025-07-11','1611','CPT',NULL),(150,'2025-01-11',NULL,NULL,NULL,'No','M','On ART','NAD','No','C',180,'Con','2025-07-11','1589','CPT',NULL),(151,'2025-06-10',77.00,9.30,13.5,'No','M','On ART','NAD','Rt','A',360,'Con','2025-12-05','1592','CPT',NULL),(152,'2025-06-27',72.00,9.50,14.5,'No','M','On ART','NAD','Rt','A',180,'Con','2025-09-26','1596','CPT',NULL),(153,'2025-06-27',71.00,9.00,13.1,'No','M','On ART','NAD','Rt','A',180,'Con','2025-09-19','1624','CPT',NULL),(154,'2025-06-27',NULL,NULL,NULL,'No','M','On ART','NAD','Rt','A',180,'Con','2025-09-19','1602','CPT',NULL),(155,'2025-06-13',72.00,8.50,14.5,'No','M','On ART','NAD','Rt','A',180,'Con','2025-09-05','1591','CPT',NULL),(156,'2025-05-05',71.00,9.50,16.5,'No','M','On ART','NAD','No','C',120,'Con','2025-07-11','1587','CPT',NULL),(157,'2024-11-18',67.00,8.60,NULL,'No','M','On ART','NAD','No','C',240,'Con','2025-03-14','1593','CPT',NULL),(158,'2025-03-21',75.00,8.80,NULL,'No','M','On ART','NAD','No','C',180,'Con','2025-06-20','1574','CPT',NULL),(159,'2024-12-18',68.00,7.80,13.7,'No','M','On ART','NAD','No','C',180,'Con','2025-03-14','1585','CPT',NULL),(160,'2024-12-19',68.00,7.80,13.7,'No','M','On ART','NAD','No','C',180,'Con','2025-03-14','1586','CPT',NULL),(161,'2025-06-06',70.00,8.20,15.0,'No','M','On ART','NAD','Rt','A',180,'Con','2025-09-15','1576','CPT',NULL),(162,'2024-11-08',60.00,7.00,14.0,'No','M','On ART','NAD','No','C',180,'Con','2025-02-07','1578','CPT',NULL),(163,'2025-05-30',73.00,9.80,NULL,'No','M','On ART','NAD','Rt','A',180,'Con','2025-08-29','1575','CPT',NULL),(164,'2025-05-09',72.00,9.10,14.0,'No','M','On ART','NAD','Rt','A',180,'Con','2025-08-01','1581','CPT',NULL),(165,'2025-05-23',72.00,8.10,13.0,'No','M','On ART','NAD','Rt','A',120,'Con','2025-07-21','1577','CPT',NULL),(166,'2025-07-11',75.00,8.70,7.5,'No','M','On ART','NAD','No','C',180,'Con','2025-10-03','1568','CPT',NULL),(167,'2024-11-04',66.00,7.50,14.0,'No','M','On ART','NAD','No','C',180,'Con','2025-01-24','1634','CPT',NULL),(168,'2025-05-22',82.00,9.00,13.0,'No','M','On ART','NAD','No','C',180,'Con','2025-08-15','1584','CPT',NULL),(169,'2025-05-16',72.00,8.90,13.5,'No','M','On ART','NAD','Rt','A',180,'Con','2025-08-08','1569','CPT',NULL),(170,'2025-03-21',75.00,9.00,NULL,'No','M','On ART','NAD','Rt','A',60,'Con','2025-04-11','1564','CPT',NULL),(171,'2025-04-25',70.00,8.00,12.0,'No','M','On ART','NAD','Rt','A',180,'Con','2025-07-25','1567','CPT',NULL),(172,'2025-06-20',77.00,8.50,12.0,'No','M','On ART','NAD','No','C',180,'Con','2025-09-19','1565','CPT',NULL),(173,'2024-12-09',70.00,8.50,NULL,'No','M','On ART','NAD','No','C',180,'Con','2025-03-07','1553','CPT',NULL),(174,'2025-06-20',74.00,9.00,13.0,'No','M','On ART','NAD','No','C',180,'Con','2025-09-12','1550','CPT',NULL),(175,'2025-01-24',69.00,8.40,13.5,'No','M','On ART','NAD','No','C',180,'Con','2025-04-11','1563','CPT',NULL),(176,'2025-06-23',77.00,9.40,13.0,'No','M','On ART','NAD','No','C',180,'Con','2025-09-12','1558','CPT',NULL),(177,'2025-03-28',NULL,9.00,NULL,'No','M','On ART','NAD','Rt','A',180,'Con','2025-10-10','1557','CPT',NULL),(178,'2025-06-10',75.00,8.20,12.4,'No','M','On ART','NAD','No','C',180,'Con','2025-09-05','1549','CPT',NULL),(179,'2025-05-16',81.00,9.50,14.0,'No','M','On ART','NAD','No','C',180,'Con','2025-08-08','1554','CPT',NULL),(180,'2025-04-25',79.00,10.00,14.0,'No','M','On ART','NAD','No','C',90,'Con','2025-07-25','1546','CPT',NULL),(181,'2025-06-27',75.00,10.40,16.5,'No','M','On ART','NAD','No','C',180,'Con','2025-09-26','1561','CPT',NULL),(182,'2025-05-30',80.00,10.00,NULL,'No','M','On ART','NAD','No','C',180,'Con','2025-08-29','1536','CPT',NULL),(183,NULL,NULL,NULL,NULL,'No','Exc','On ART','NAD','No','C',NULL,'To','2024-05-15','1543','CPT',NULL),(184,'2025-05-23',80.00,9.60,13.5,'No','M','On ART','NAD','No','C',180,'Con','2025-08-15','1534','CPT',NULL),(185,'2024-07-01',68.00,10.00,NULL,'No','M','On ART','NAD','Dbs','A',60,'Con','2024-07-29','1599','CPT',NULL),(186,'2025-05-09',76.00,9.50,14.0,'No','M','On ART','NAD','No','C',180,'Con','2025-08-08','1539','CPT',NULL),(187,'2025-05-09',77.00,9.10,13.5,'No','M','On ART','NAD','No','C',180,'Con','2025-08-08','1538','CPT',NULL),(188,'2025-05-16',70.00,9.00,14.0,'No','M','On ART','NAD','No','C',180,'Con','2025-08-29','1583','CPT',NULL),(189,'2025-05-16',82.20,11.10,15.2,'No','M','On ART','NAD','No','C',180,'Con','2025-08-15','1532','CPT',NULL),(190,'2025-05-09',71.00,8.80,13.0,'No','M','On ART','NAD','No','C',180,'Con','2025-08-05','1537','CPT',NULL),(191,'2025-05-02',77.00,10.00,15.0,'No','M','On ART','NAD','Rt','A',180,'Con','2025-07-25','1556','CPT',NULL),(192,'2025-04-25',NULL,9.40,14.0,'No','M','On ART','NAD','No','C',210,'Con','2025-08-20','1552','CPT',NULL),(193,'2025-02-25',72.00,9.00,16.5,'No','M','On ART','NAD','Rt','A',180,'Con','2025-05-16','1545','CPT',NULL),(194,'2025-03-10',89.00,9.50,13.0,'No','M','On ART','NAD','Rt','A',340,'Con','2025-09-10','1542','CPT',NULL),(195,'2025-06-13',NULL,9.50,NULL,'No','M','On ART','NAD','No','C',180,'Con','2025-08-29','1519','CPT',NULL),(196,'2025-06-12',NULL,NULL,NULL,'No','M','On ART','NAD','No','C',360,'Con','2025-12-02','1521','CPT',NULL),(197,'2025-05-02',NULL,NULL,NULL,'No','M','On ART','NAD','No','C',180,'Con','2025-07-25','1530','CPT',NULL),(198,'2025-05-16',75.30,10.00,14.0,'No','M','On ART','NAD','No','C',180,'Con','2025-08-08','1544','CPT',NULL),(199,'2025-04-25',NULL,8.80,14.2,'No','M','On ART','NAD','Rt','A',210,'Con','2025-08-20','1551','CPT',NULL),(200,NULL,NULL,NULL,NULL,'No','Exc','On ART','NAD','No','C',NULL,'To','2025-01-08','1525','CPT',NULL),(201,'2024-03-21',55.00,4.70,NULL,'No','Exc','On ART','NAD','Dbs','B',NULL,'ART','2024-03-21','1529','None',3258),(202,'2024-10-25',72.00,6.30,NULL,'No','Exc','On ART','NAD','No','C',NULL,'Con','2025-01-20','1535','None',NULL),(203,'2025-04-11',74.00,10.30,14.0,'No','M','On ART','NAD','No','C',180,'Con','2025-07-11','1540','CPT',NULL),(204,'2025-07-11',76.00,9.40,14.0,'No','M','On ART','NAD','No','C',180,'Con','2025-10-03','1547','CPT',NULL),(205,'2025-04-22',80.00,9.20,13.8,'No','M','On ART','NAD','No','C',180,'Con','2025-07-18','1523','CPT',NULL),(206,'2024-04-26',NULL,NULL,NULL,'No','Exc','On ART','NAD','Dbs','A',NULL,'Con','2024-05-24','1526','None',NULL),(207,'2025-05-16',80.00,10.00,14.0,'No','M','On ART','NAD','No','C',180,'Con','2025-08-15','1518','CPT',NULL),(208,'2025-03-21',78.00,9.70,14.0,'No','M','On ART','NAD','No','C',360,'Con','2025-09-19','1531','CPT',NULL),(209,'2025-07-16',NULL,NULL,NULL,'No','M','On ART','NAD','No','C',180,'Con','2025-10-09','1700','CPT',NULL),(210,'2025-07-16',75.00,8.20,13.5,'No','M','On ART','NAD','Rt','A',0,'Dis','2025-07-16','1459','None',NULL),(211,'2025-07-16',85.00,12.80,NULL,'No','M','On ART','NAD','No','C',180,'Con','2025-10-10','1530','CPT',NULL),(212,'2025-07-16',76.00,9.50,NULL,'No','M','On ART','NAD','No','C',180,'Con','2025-10-10','1533','CPT',NULL),(213,'2025-07-16',84.00,13.50,NULL,'No','C','On ART','NAD','Rt','A',0,'Dis','2025-07-16','1455','None',NULL),(214,'2025-07-16',75.00,9.40,NULL,'No','M','On ART','NAD','Rt','A',180,'Con','2025-10-06','1606','CPT',NULL),(222,'2025-07-17',NULL,NULL,NULL,'No','Exc','On ART','NAD','No','C',180,'Con','2025-07-26','8000','CPT',NULL),(224,'2025-07-21',72.00,9.60,NULL,'No','M','On ART','Sick','Rt','A',180,'Con','2025-10-10','1605','CPT',NULL),(225,'2025-07-21',67.00,8.50,NULL,'No','M','On ART','NAD','No','C',120,'Con','2025-09-12','1689','CPT',NULL),(226,'2025-07-21',NULL,NULL,NULL,'No','M','On ART','NAD','No','C',240,'Con','2025-11-14','1577','CPT',NULL),(227,'2025-07-21',89.00,8.50,14.5,'No','M','On ART','NAD','No','C',120,'Con','2025-09-19','1650','CPT',NULL),(228,'2025-07-18',NULL,NULL,NULL,'No','M','On ART','NAD','No','C',180,'Con','2025-10-17','1581','CPT',NULL),(229,'2025-07-18',73.00,9.30,14.0,'No','M','On ART','NAD','No','C',90,'Con','2025-08-29','1627','CPT',NULL),(230,'2025-07-18',79.00,8.80,NULL,'No','M','On ART','NAD','No','C',180,'Con','2025-10-17','1631','CPT',NULL),(231,'2025-07-18',60.00,6.60,NULL,'No','M','On ART','NAD','No','C',90,'Con','2025-10-17','1679','CPT',NULL),(232,'2025-07-18',NULL,NULL,NULL,'No','M','On ART','NAD','No','C',210,'Con','2025-10-21','1487','CPT',NULL),(233,'2025-06-06',71.00,11.20,15.0,'No','<6','On ART','NAD','No','C',180,'Con','2025-09-05','1503','CPT',NULL),(234,'2025-06-20',78.00,11.50,15.0,'No','M','On ART','NAD','No','C',180,'Con','2025-09-19','1507','CPT',NULL),(235,'2025-06-20',80.00,9.30,12.0,'No','M','On ART','NAD','No','C',1880,'Con','2025-09-12','1528','CPT',NULL),(236,'2025-06-12',80.00,12.20,15.0,'No','M','On ART','NAD','No','C',180,'Con','2025-09-05','1508','CPT',NULL),(237,'2025-05-09',77.00,10.00,15.5,'No','M','On ART','NAD','No','C',180,'Con','2025-08-22','1510','CPT',NULL),(238,'2025-06-25',81.00,10.50,14.2,'No','M','On ART','NAD','No','C',180,'Con','2025-09-19','1511','CPT',NULL),(239,'2025-03-21',80.00,11.30,NULL,'No','M','On ART','NAD','No','C',360,'Con','2025-09-12','1506','CPT',NULL),(240,'2025-04-18',NULL,NULL,NULL,'No','M','On ART','NAD','No','C',NULL,'Con','2025-07-25','1512','CPT',NULL),(241,'2024-05-28',64.00,5.70,NULL,'Mod','Exc','On ART','NAD','Rt','D',NULL,'ART','2024-05-28','1582','None',3298),(242,'2025-03-21',NULL,10.20,NULL,'No','M','On ART','NAD','No','C',360,'Con','2025-09-12','1505','CPT',NULL),(243,'2025-05-16',70.00,9.20,14.0,'No','M','On ART','NAD','No','C',180,'Con','2025-08-08','1517','CPT',NULL),(244,'2025-06-13',77.00,11.40,15.5,'No','M','On ART','NAD','No','C',180,'Con','2025-09-12','1516','CPT',NULL),(245,'2025-06-16',84.00,9.40,13.0,'No','M','On ART','NAD','No','C',180,'Con','2025-09-05','1502','CPT',NULL),(246,'2025-03-28',NULL,8.70,NULL,'No','M','On ART','NAD','No','C',180,'Con','2025-06-20','1514','CPT',NULL),(247,'2025-03-28',NULL,8.30,NULL,'No','M','On ART','NAD','No','C',180,'Con','2025-06-20','1513','CPT',NULL),(248,'2024-11-15',82.00,9.80,13.0,'No','M','On ART','NAD','No','C',180,'Con','2025-10-17','1522','CPT',NULL),(249,'2025-05-09',89.00,9.00,13.5,'No','M','On ART','NAD','No','C',180,'Con','2025-08-05','1497','CPT',NULL),(250,'2025-06-26',NULL,NULL,NULL,'No','<6','On ART','NAD','No','C',180,'Con','2025-09-19','1499','CPT',NULL),(251,'2023-12-15',3.30,3.30,NULL,'No','Exc','On ART','NAD','No','C',200,'Con','2024-01-08','1509','NVP',NULL),(253,'2025-05-26',NULL,NULL,NULL,'No','C','On ART','NAD','No','C',120,'Con','2025-07-18','1490','CPT',NULL),(254,'2025-04-28',NULL,NULL,NULL,'No','M','On ART','NAD','No','C',180,'Con','2025-07-18','1638','CPT',NULL),(255,'2025-04-25',NULL,NULL,NULL,'No','M','On ART','NAD','No','C',180,'Con','2025-07-18','1615','CPT',NULL),(256,'2025-06-13',80.00,11.20,15.0,'No','M','On ART','NAD','No','C',240,'Con','2025-10-03','1488','CPT',NULL),(257,'2025-06-17',80.00,11.80,14.0,'No','M','On ART','NAD','No','C',240,'Con','2025-10-10','1492','CPT',NULL),(258,'2025-04-25',75.00,9.50,14.5,'No','M','On ART','NAD','No','C',240,'Con','2025-08-22','1491','CPT',NULL),(259,'2025-02-17',73.00,9.10,15.0,'No','M','On ART','NAD','No','C',360,'Con','2025-08-28','1496','CPT',NULL),(260,'2025-05-30',NULL,10.50,NULL,'No','<6','On ART','NAD','No','C',180,'Con','2025-08-22','1495','CPT',NULL),(261,'2025-04-18',NULL,8.50,NULL,'No','M','On ART','NAD','No','C',180,'Con','2025-07-25','1494','CPT',NULL),(262,'2024-06-05',NULL,8.10,NULL,'No','Exc','No ART','NAD','No','C',NULL,NULL,NULL,'1588','None',NULL),(263,'2025-04-15',81.00,8.10,NULL,'No','M','On ART','NAD','No','C',180,'Con','2025-07-11','1485','CPT',NULL),(264,'2025-04-25',79.00,10.20,14.5,'No','M','On ART','NAD','No','C',180,'Con','2025-08-25','1483','CPT',NULL),(265,'2024-11-13',NULL,NULL,NULL,'No','M','On ART','NAD','Rt','A',NULL,'Con','2024-12-12','1484','CPT',NULL),(266,'2025-05-09',82.00,11.00,15.0,'No','M','On ART','NAD','No','C',180,'Con','2025-08-19','1477','CPT',NULL),(267,'2025-05-29',82.00,11.00,16.0,'No','M','On ART','NAD','No','C',240,'Con','2025-09-19','1482','CPT',NULL),(268,'2024-07-09',69.00,7.40,13.3,'No','M','On ART','NAD','No','C',180,'Con','2024-09-27','1501','CPT',NULL),(269,'2025-06-16',80.00,9.60,NULL,'No','M','On ART','NAD','No','C',180,'Con','2025-09-19','1486','CPT',NULL),(270,'2025-03-21',NULL,NULL,NULL,'No','M','On ART','NAD','No','C',360,'Con','2025-09-19','1493','CPT',NULL),(271,'2025-05-05',83.00,9.00,15.0,'No','<6','On ART','NAD','No','C',240,'Con','2025-09-26','1480','CPT',NULL),(272,'2023-11-25',NULL,NULL,NULL,NULL,NULL,NULL,NULL,NULL,NULL,NULL,'To','2023-11-25','1473',NULL,NULL),(273,'2025-06-20',83.00,10.00,13.0,'No','M','On ART','NAD','No','C',120,'Con','2025-08-29','1472','CPT',NULL),(274,'2023-08-25',3.00,3.20,NULL,'No','Exc','On ART','NAD','No','C',200,'Con','2023-10-06','1476','NVP',NULL),(275,'2025-04-25',79.00,12.00,16.0,'No','M','On ART','NAD','No','C',240,'Con','2025-08-22','1469','CPT',NULL),(276,'2025-06-06',90.00,11.90,NULL,'No','M','On ART','NAD','No','C',180,'Con','2025-08-04','1465','CPT',NULL),(277,'2025-06-03',10.40,8.60,NULL,'No','M','On ART','NAD','No','C',180,'Con','2025-09-03','1468','CPT',NULL),(278,'2024-12-12',67.00,5.50,NULL,'No','Exc','On ART','NAD','No','C',NULL,'ART','2024-01-12','1500','None',3219),(279,'2025-06-06',80.00,11.00,14.0,'No','M','On ART','NAD','No','C',180,'Con','2025-08-29','1466','CPT',NULL),(280,'2025-06-06',76.00,9.00,15.5,'No','M','On ART','NAD','No','C',180,'Con','2025-08-29','1467','CPT',NULL),(281,'2024-11-01',79.00,8.00,13.5,'No','M','On ART','NAD','No','C',240,'Con','2025-01-24','1470','CPT',NULL),(282,'2025-06-16',81.00,9.60,13.5,'No','M','On ART','NAD','No','C',120,'Con','2025-07-25','1471','CPT',NULL),(283,'2025-03-21',NULL,9.00,NULL,'No','M','On ART','NAD','No','C',240,'Con','2025-07-18','1461','CPT',NULL),(284,'2025-07-11',85.00,11.20,14.0,'No','<6','On ART','NAD','Rt','A',NULL,'Dis','2025-07-11','1458','None',NULL),(285,'2025-05-30',NULL,11.00,NULL,'No','M','On ART','NAD','No','C',180,'Con','2025-08-22','1721','CPT',NULL),(286,'2025-07-01',88.00,11.90,NULL,'No','C','On ART','NAD','Rt','A',NULL,'Dis','2025-07-01','1453','None',NULL),(287,'2024-11-18',77.00,10.20,14.0,'No','M','On ART','NAD','Rt','A',180,'Con','2025-02-07','1665','CPT',NULL),(288,'2025-04-25',81.00,10.00,14.0,'No','M','On ART','NAD','No','C',120,'Con','2025-06-20','1449','CPT',NULL),(289,'2025-06-27',82.00,11.60,14.5,'No','<6','On ART','NAD','Rt','A',NULL,'Dis','2025-06-27','1444','None',NULL),(290,'2025-05-25',NULL,NULL,NULL,NULL,NULL,NULL,NULL,'Rt','A',NULL,'Dis','2025-05-27','1448','None',NULL),(291,'2024-06-11',NULL,NULL,NULL,NULL,NULL,NULL,NULL,NULL,NULL,NULL,'To','2024-06-11','1478',NULL,NULL),(292,'2024-10-04',71.00,9.20,14.5,'No','M','On ART','NAD','No','C',180,'Con','2024-12-27','1450','CPT',NULL),(294,'2024-07-10',NULL,NULL,NULL,NULL,NULL,NULL,NULL,NULL,'B',NULL,'To','2024-07-10','1436',NULL,NULL),(295,'2024-10-09',82.00,11.10,16.4,'No','M','On ART','NAD','No','C',120,'Con','2025-01-03','1571','CPT',NULL),(296,'2025-06-02',85.00,10.40,13.0,'No','M','On ART','NAD','Rt','A',NULL,'Dis','2025-05-02','1440','None',NULL),(297,'2025-06-02',86.00,13.80,14.5,'No','C','On ART','NAD','Rt','A',NULL,'Dis','2025-06-02','1442','CPT',NULL),(298,'2025-06-05',85.00,12.50,NULL,'No','C','On ART','NAD','Rt','A',NULL,'Dis','2025-06-05','1437','None',NULL),(299,'2025-05-16',87.00,9.00,12.0,'No','<6','On ART','NAD','Rt','A',NULL,'Dis','2025-05-16','1435','None',NULL),(300,'2025-05-09',80.00,9.40,13.0,'No','C','On ART','NAD','Rt','A',NULL,'Dis','2025-05-09','1438','None',NULL),(301,'2024-02-09',NULL,NULL,NULL,NULL,NULL,NULL,NULL,NULL,NULL,NULL,'To','2024-02-09','1434','None',NULL),(302,'2023-11-13',NULL,NULL,NULL,NULL,NULL,NULL,NULL,NULL,NULL,NULL,'To','2023-11-13','1498','None',NULL),(303,'2025-06-18',NULL,NULL,NULL,NULL,NULL,NULL,NULL,NULL,NULL,NULL,'Died','2025-06-18','1432','None',NULL),(304,'2025-04-04',86.00,12.30,15.0,'No','C','On ART','NAD','Rt','A',NULL,'Dis','2025-04-04','1426','None',NULL),(305,'2025-04-28',79.00,10.60,14.8,'No','C','On ART','NAD','Rt','A',NULL,'Dis','2025-04-28','1447','None',NULL),(306,'2025-01-16',72.00,7.00,11.7,'Sev','M','On ART','Sick','Dbs','B',NULL,'ART','2025-01-16','1673','None',3385),(307,'2023-05-12',NULL,NULL,NULL,NULL,NULL,NULL,NULL,NULL,NULL,NULL,'Died','2023-05-12','1422','None',NULL),(308,'2025-03-04',80.00,11.00,15.5,'No','M','On ART','NAD','Rt','A',NULL,'Dis','2025-03-04','1420','None',NULL),(309,'2025-05-28',NULL,NULL,NULL,'No','C','On ART','NAD','Rt','A',NULL,'Dis','2025-05-28','1425','None',NULL),(310,'2025-03-28',NULL,NULL,NULL,'No','C','On ART','NAD','Rt','A',NULL,'Dis','2025-03-28','1441','None',NULL),(311,'2024-08-07',NULL,NULL,NULL,'No','M','On ART','NAD','No','C',180,'Con','2024-11-01','1433','CPT',NULL),(312,'2025-03-07',88.00,10.80,14.3,'No','<6','On ART','NAD','Rt','A',NULL,'Dis','2025-03-07','1427','None',NULL),(313,'2025-04-11',79.00,8.10,12.3,'No','C','On ART','NAD','Rt','A',NULL,'Dis','2025-04-11','1419','None',NULL),(314,'2025-02-14',86.00,9.50,15.0,'No','M','On ART','NAD','Rt','A',NULL,'Dis','2025-02-14','1423','None',NULL),(315,'2024-01-27',NULL,NULL,NULL,NULL,NULL,NULL,NULL,NULL,NULL,NULL,'Died','2024-01-27','1415','None',NULL),(316,'2024-07-26',86.00,11.30,15.0,'No','M','On ART','NAD','No','C',180,'Con','2024-10-25','1408','CPT',NULL),(317,'2024-12-27',78.00,9.40,NULL,'No','M','On ART','NAD','No','C',60,'Con','2025-01-17','1431','CPT',NULL),(318,'2023-09-01',66.00,7.20,13.5,'Mod','M','On ART','NAD','Dbs','B',NULL,'ART','2023-09-01','1464','None',3164),(319,'2024-12-30',89.00,11.00,13.5,'No','<6','On ART','NAD','No','C',120,'Con','2025-02-15','1418','CPT',NULL),(320,'2025-01-27',83.00,10.00,12.5,'No','C','On ART','NAD','Rt','A',NULL,'Dis','2025-01-27','1414','None',NULL),(321,'2025-01-24',72.00,NULL,14.0,'No','C','On ART','NAD','Rt','A',NULL,'Dis','2025-01-24','1416','None',NULL),(322,'2024-01-24',NULL,NULL,NULL,'No','C','On ART','NAD','Rt','A',NULL,'Dis','2025-01-24','1410','None',NULL),(323,'2025-01-17',84.00,10.80,14.5,'No','C','On ART','NAD','Rt','A',NULL,'Dis','2025-01-17','1409','None',NULL),(324,'2025-01-17',85.00,10.30,13.5,'No','C','On ART','NAD','Rt','A',NULL,'Dis','2025-01-17','1439','None',NULL),(325,'2025-07-17',68.00,9.30,13.0,'No','M','On ART','NAD','No','C',180,'Con','2025-10-10','1646','CPT',NULL),(326,'2025-07-17',69.00,9.30,14.0,'No','M','On ART','NAD','No','C',180,'Con','2025-10-10','1645','CPT',NULL),(327,'2025-07-17',72.00,10.00,14.0,'No','M','On ART','NAD','No','C',90,'Con','2025-08-29','1628','CPT',NULL),(329,'2025-07-17',74.00,10.30,14.7,'No','M','On ART','NAD','No','C',180,'Con','2025-10-17','1611','CPT',NULL),(330,'2025-07-01',74.00,8.60,NULL,'No','M','On ART','NAD','Rt','A',180,'Con','2025-09-19','1578','CPT',NULL),(331,'2025-07-12',NULL,NULL,NULL,NULL,NULL,NULL,NULL,NULL,NULL,NULL,'To','2025-07-12','1726',NULL,NULL),(332,'2025-07-25',71.00,7.70,NULL,'No','M','On ART','NAD','No','C',360,'Con','2026-01-09','1676','CPT',NULL),(333,'2025-07-25',78.00,10.90,15.0,'No','M','On ART','NAD','No','C',180,'Con','2025-10-24','1545','CPT',NULL),(334,'2025-07-25',78.00,10.00,14.0,'No','M','On ART','NAD','No','C',180,'Con','2025-10-24','1540','CPT',NULL),(335,'2025-07-25',NULL,NULL,NULL,'No','Exc','On ART','NAD','Dbs','C',20,'Con','2025-08-08','1727','CPT',NULL),(336,'2025-07-25',68.00,8.40,NULL,'No','M','On ART','NAD','No','C',180,'Con','2025-10-24','1694','CPT',NULL),(337,'2025-07-25',NULL,NULL,NULL,'No','M','On ART','NAD','No','C',60,'Con','2025-08-22','1471','CPT',NULL),(338,'2025-07-25',70.00,8.60,NULL,'No','Exc','On ART','NAD','No','C',360,'Con','2026-02-06','1682','CPT',NULL),(339,'2025-07-25',50.00,9.90,13.7,'No','M','On ART','NAD','No','C',180,'Con','2025-10-24','1494','CPT',NULL),(340,'2025-07-25',NULL,NULL,NULL,'No','C','On ART','NAD','Rt','A',NULL,'Dis','2025-07-25','1461','None',NULL),(341,'2025-07-25',73.00,11.00,16.0,'No','M','On ART','NAD','Rt','A',360,'Con','2026-01-30','1603','CPT',NULL),(342,'2025-07-25',NULL,NULL,NULL,'No','M','On ART','NAD','No','C',180,'Con','2025-10-24','1546','CPT',NULL),(343,'2025-07-25',66.00,20.00,NULL,'No','Exc','On ART','NAD','No','C',24,'Con','2025-07-25','8000','CPT',NULL),(344,'2025-07-28',82.00,96.00,14.5,'No','M','On ART','NAD','No','C',180,'Con','2025-10-24','1523','CPT',NULL),(345,'2025-07-28',69.00,7.20,13.0,'No','M','On ART','NAD','No','C',240,'Con','2025-11-21','1662','CPT',NULL),(346,'2025-07-28',79.00,10.60,15.6,'No','M','On ART','NAD','No','C',180,'Con','2025-10-10','1638','CPT',NULL),(347,'2025-07-28',75.00,10.00,14.5,'No','M','On ART','NAD','Rt','A',180,'Con','2025-10-24','1587','CPT',NULL),(348,'2025-07-28',67.00,7.10,12.0,'No','M','On ART','NAD','No','C',180,'Con','2025-10-24','1692','CPT',NULL),(349,'2025-06-25',NULL,3.40,NULL,'No','Exc','On ART','NAD','No','C',60,'To','2025-08-06','1737','CPT',NULL);
/*!40000 ALTER TABLE `children_childvisit` ENABLE KEYS */;
UNLOCK TABLES;

--
-- Table structure for table `children_htssample`
--

DROP TABLE IF EXISTS `children_htssample`;
/*!40101 SET @saved_cs_client     = @@character_set_client */;
/*!50503 SET character_set_client = utf8mb4 */;
CREATE TABLE `children_htssample` (
  `id` bigint NOT NULL AUTO_INCREMENT,
  `sample_date` date NOT NULL,
  `test_type` varchar(10) CHARACTER SET utf8mb4 COLLATE utf8mb4_general_ci NOT NULL,
  `sample_id` varchar(50) CHARACTER SET utf8mb4 COLLATE utf8mb4_general_ci NOT NULL,
  `result` varchar(20) CHARACTER SET utf8mb4 COLLATE utf8mb4_general_ci DEFAULT NULL,
  `date_received` date DEFAULT NULL,
  `child_id` int NOT NULL,
  `reason` varchar(30) CHARACTER SET utf8mb4 COLLATE utf8mb4_general_ci DEFAULT NULL,
  PRIMARY KEY (`id`),
  KEY `children_htssample_child_id_00066d79_fk_children_` (`child_id`),
  CONSTRAINT `children_htssample_child_id_00066d79_fk_children_` FOREIGN KEY (`child_id`) REFERENCES `children_child` (`hcc_number`)
) ENGINE=InnoDB AUTO_INCREMENT=270 DEFAULT CHARSET=utf8mb4 COLLATE=utf8mb4_general_ci;
/*!40101 SET character_set_client = @saved_cs_client */;

--
-- Dumping data for table `children_htssample`
--

LOCK TABLES `children_htssample` WRITE;
/*!40000 ALTER TABLE `children_htssample` DISABLE KEYS */;
INSERT INTO `children_htssample` VALUES (1,'2025-07-08','DBS','679','Negative','2025-07-27','1723','DBS_6wks_Ini'),(2,'2024-11-15','DBS','618','Negative','2024-11-21','1640','DBS_6wks_Ini'),(3,'2025-06-13','DBS','676','Negative','2025-06-27','1715','DBS_6wks_Ini'),(4,'2025-07-09','DBS','666','Negative','2025-06-03','1710','DBS_6wks_Ini'),(5,'2025-06-06','DBS','672','Negative','2025-06-23','1703','DBS_6wks_Ini'),(6,'2025-06-06','DBS','673','Negative','2025-06-23','1704','DBS_6wks_Ini'),(7,'2025-06-06','DBS','671','Negative','2025-06-23','1718','DBS_6wks_Ini'),(8,'2025-06-06','DBS','674','Negative','2025-06-23','1705','DBS_6wks_Ini'),(9,'2025-07-01','DBS','678','Negative','2025-07-22','1707','DBS_6wks_Ini'),(10,'2025-05-30','DBS','338','Negative','2025-06-10','1711','DBS_6wks_Ini'),(11,'2025-05-30','DBS','669','Negative','2025-06-10','1720','DBS_6wks_Ini'),(12,'2025-04-23','DBS','660','Negative','2025-05-09','1696','DBS_6wks_Ini'),(13,'2025-04-15','DBS','659','Negative','2025-05-09','1709','DBS_6wks_Ini'),(14,'2025-03-28','DBS','651','Negative','2025-04-10','1688','DBS_6wks_Ini'),(15,'2025-03-28','DBS','652','Negative','2025-04-09','1687','DBS_6wks_Ini'),(16,'2025-03-21','DBS','650','Negative','2025-03-27','1682','DBS_6wks_Ini'),(17,'2025-04-04','DBS','655','Negative','2025-04-14','1693','DBS_6wks_Ini'),(18,'2025-04-04','DBS','656','Negative','2025-04-14','1680','DBS_6wks_Ini'),(19,'2025-04-11','DBS','658','Negative','2025-04-17','1694','DBS_6wks_Ini'),(20,'2025-02-28','DBS','639','Negative','2025-03-11','1674','DBS_6wks_Ini'),(21,'2025-03-14','DBS','647','Negative','2025-03-27','1684','DBS_6wks_Ini'),(22,'2025-04-25','DBS','661','Negative','2025-05-15','1672','DBS_6wks_Ini'),(23,'2025-03-24','DBS','642','Negative','2025-03-27','1675','DBS_6wks_Ini'),(24,'2025-04-07','DBS','657','Negative','2025-04-14','1676','DBS_6wks_Ini'),(25,'2025-03-07','DBS','643','Negative','2025-03-27','1678','DBS_6wks_Ini'),(26,'2025-03-07','DBS','644','Negative','2025-03-27','1683','DBS_6wks_Ini'),(27,'2025-03-14','DBS','646','Negative','2025-03-27','1679','DBS_6wks_Ini'),(28,'2025-05-15','DBS','665','Negative','2025-06-03','1736','DBS_6wks_Ini'),(29,'2025-07-10','Rapid','15550-36-4-H','Negative','2025-07-10','1460','DBS_6wks_Ini'),(30,'2024-11-08','DBS','614','Negative','2024-11-28','1637','DBS_6wks_Ini'),(31,'2024-10-16','Rapid','12070-72-8-B','Negative','2024-10-16','1481','Rapid_1yr'),(32,'2025-06-16','Rapid','15550-24-17-X','Negative','2025-06-16','1594','Rapid_1yr'),(33,'2025-04-04','Rapid','13771-78-17-B','Negative','2025-04-04','1573','Rapid_1yr'),(34,'2024-10-25','DBS','609','Negative','2024-11-25','1648','DBS_6wks_Ini'),(35,'2025-07-11','Rapid','7368-34-2-X','Negative','2025-07-11','1451','Rapid_2yr'),(36,'2025-01-09','DBS','634','Negative','2025-02-13','1663','DBS_6wks_Ini'),(37,'2025-04-11','Rapid','13771-86-4-Z','Negative','2025-04-11','1570','Rapid_1yr'),(38,'2025-01-20','Rapid','13817-44-9-G','Negative','2025-01-20','1524','Rapid_1yr'),(39,'2025-07-11','Rapid','15550-36-8-F','Negative','2025-07-11','1601','Rapid_1yr'),(40,'2025-07-11','Rapid','15550-36-9-W','Negative','2025-07-11','1610','Rapid_1yr'),(41,'2025-07-11','Rapid','15550-36-8-F','Negative','2025-07-11','1597','Rapid_1yr'),(42,'2025-04-07','Rapid','13947-98-4-P','Negative','2025-04-07','1562','Rapid_1yr'),(43,'2024-10-18','DBS','604','Negative','2024-11-25','1635','DBS_6wks_Ini'),(44,'2025-05-22','DBS','666','Negative','2025-06-03','1669','DBS_6wks_Ini'),(45,'2025-01-20','DBS','638','Negative','2025-03-04','1668','DBS_6wks_Ini'),(46,'2025-03-07','DBS','645','Negative','2021-03-27','1695','DBS_6wks_Ini'),(47,'2025-05-07','DBS','663','Negative','2025-05-22','1677','DBS_6wks_Ini'),(48,'2025-02-28','DBS','640','Negative','2025-03-11','1654','DBS_6wks_Ini'),(49,'2024-12-27','DBS','632','Negative','2025-01-09','1662','DBS_6wks_Ini'),(50,'2025-01-10','DBS','636','Negative','2025-02-13','1664','DBS_6wks_Ini'),(52,'2024-12-27','DBS','630','Negative','2025-01-09','1658','DBS_6wks_Ini'),(53,'2024-12-27','DBS','633','Negative','2025-01-09','1659','DBS_6wks_Ini'),(55,'2024-12-27','DBS','631','Negative','2025-01-09','1660','DBS_6wks_Ini'),(57,'2024-12-20','DBS','629','Negative','2025-01-09','1106','DBS_6wks_Ini'),(59,'2024-12-23','DBS','634','Negative','2025-01-09','1661','DBS_6wks_Ini'),(60,'2024-11-28','DBS','623','Negative','2024-12-10','1651','DBS_6wks_Ini'),(61,'2024-11-15','DBS','617','Negative','2024-12-04','1644','DBS_6wks_Ini'),(62,'2024-11-22','DBS','621','Negative','2024-12-11','1666','DBS_6wks_Ini'),(63,'2024-11-15','DBS','615','Negative','2024-12-07','1641','DBS_6wks_Ini'),(64,'2024-11-15','DBS','616','Negative','2024-12-07','1655','DBS_6wks_Ini'),(65,'2024-12-06','DBS','625','Negative','2024-12-19','1646','DBS_6wks_Ini'),(66,'2025-07-14','Rapid','3057-68-3-G','Negative','2025-07-14','1452','Rapid_2yr'),(67,'2025-03-28','DBS','654','Negative','2025-04-09','1686','DBS_6wks_Ini'),(68,'2024-12-23','Rapid','13771-20-G-P','Negative','2024-12-23','1504','Rapid_1yr'),(69,'2024-11-28','DBS','622','Negative','2024-12-10','1652','DBS_6wks_Ini'),(70,'2025-06-20','DBS','628','Negative','2025-01-09','1649','DBS_6wks_Ini'),(71,'2024-12-06','DBS','624','Negative','2024-12-19','1645','DBS_6wks_Ini'),(72,'2024-12-12','DBS','627','Negative','2025-01-02','1670','DBS_6wks_Ini'),(73,'2024-11-01','DBS','314','Negative','2024-11-25','1700','DBS_6wks_Ini'),(74,'2024-11-04','DBS','613','Negative','2024-11-28','1650','DBS_6wks_Ini'),(75,'2024-10-30','DBS','611','Negative','2024-11-25','1636','DBS_6wks_Ini'),(76,'2024-11-01','DBS','612','Negative','2024-11-25','1653','DBS_6wks_Ini'),(77,'2024-10-29','DBS','0000','Negative','2024-11-25','1632','DBS_6wks_Ini'),(78,'2024-10-18','DBS','605','Negative','2024-11-24','1629','DBS_6wks_Ini'),(79,'2024-11-20','DBS','620','Negative','2024-12-02','1633','DBS_6wks_Ini'),(80,'2024-09-20','DBS','590','Negative','2024-11-14','1614','DBS_6wks_Ini'),(81,'2024-10-04','DBS','598','Negative','2024-11-14','1625','DBS_6wks_Ini'),(82,'2024-12-11','DBS','0000','Negative','2024-12-11','1613','DBS_6wks_Ini'),(83,'2024-10-11','DBS','683','Negative','2024-11-25','1628','DBS_6wks_Ini'),(84,'2024-09-27','DBS','594','Negative','2024-11-14','1619','DBS_6wks_Ini'),(85,'2024-10-18','DBS','606','Negative','2024-11-25','1626','DBS_6wks_Ini'),(86,'2024-09-17','DBS','595','Negative','2024-11-14','1616','DBS_6wks_Ini'),(87,'2024-10-04','DBS','601','Negative','2024-11-14','1622','DBS_6wks_Ini'),(88,'2024-10-04','DBS','680','Negative','2024-11-14','1620','DBS_6wks_Ini'),(89,'2024-10-04','DBS','599','Negative','2024-11-14','1623','DBS_6wks_Ini'),(90,'2024-10-11','DBS','602','Negative','2024-11-25','1627','DBS_6wks_Ini'),(91,'2024-09-06','DBS','586','Negative','2024-11-01','1630','Rapid_1yr'),(92,'2024-08-26','DBS','580','Negative','2024-10-10','1606','DBS_6wks_Ini'),(93,'2024-09-09','DBS','0000','Negative','2024-11-01','1609','DBS_6wks_Ini'),(94,'2024-08-27','DBS','584','Negative','2024-10-10','1605','DBS_6wks_Ini'),(95,'2025-07-11','Rapid','15550-36-6-G','Negative','2025-07-11','1618','Rapid_1yr'),(96,'2024-08-27','DBS','582','Negative','2024-10-11','1604','DBS_6wks_Ini'),(97,'2024-08-23','DBS','578','Negative','2024-10-07','1600','DBS_6wks_Ini'),(98,'2024-10-24','DBS','607','Negative','2024-11-25','1647','DBS_6wks_Ini'),(99,'2024-08-27','DBS','583','Negative','2024-10-10','1607','DBS_6wks_Ini'),(100,'2025-06-30','Rapid','15550-34-16-P','Negative','2025-06-30','1608','Rapid_1yr'),(101,'2024-09-06','DBS','685','Negative','2024-11-01','1603','DBS_6wks_Ini'),(102,'2025-06-30','Rapid','15550-32-3-W','Negative','2025-06-30','1590','Rapid_1yr'),(103,'2025-06-13','Rapid','15550-20-2-H','Negative','2025-06-13','1611','Rapid_1yr'),(104,'2024-07-18','DBS','557','Negative','2024-08-08','1589','DBS_6wks_Ini'),(105,'2025-06-10','Rapid','15550-20-1-F','Negative','2025-06-10','1592','Rapid_1yr'),(106,'2025-06-27','Rapid','15550-32-2-F','Negative','2025-06-27','1596','Rapid_1yr'),(107,'2025-06-27','Rapid','15550-32-1-H','Negative','2025-06-27','1624','Rapid_1yr'),(108,'2025-06-27','Rapid','15550-30-17-X','Negative','2025-06-27','1602','Rapid_1yr'),(109,'2025-06-13','Rapid','15550-20-2-G','Negative','2025-06-13','1591','Rapid_1yr'),(110,'2024-07-11','DBS','554','Negative','2024-08-08','1587','DBS_6wks_Ini'),(111,'2024-08-02','DBS','562','Negative','2024-09-03','1593','DBS_6wks_Ini'),(112,'2024-06-20','DBS','549','Negative','2024-08-01','1574','DBS_6wks_Ini'),(113,'2024-09-06','DBS','584','Negative','2024-11-01','1585','DBS_6wks_Ini'),(114,'2024-09-06','DBS','583','Negative','2024-11-01','1586','DBS_6wks_Ini'),(115,'2025-06-06','Rapid','15550-18-17-X','Negative','2025-06-06','1576','Rapid_1yr'),(116,'2025-07-01','Rapid','05550-36-1-Z','Negative','2025-08-01','1578','Rapid_1yr'),(117,'2025-05-30','Rapid','15550-14-11-X','Negative','2025-05-30','1575','Rapid_1yr'),(118,'2025-05-09','Rapid','15550-04-1-B','Negative','2025-05-09','1581','Rapid_1yr'),(119,'2025-05-23','Rapid','15550-12-1-Z','Negative','2025-05-23','1577','Rapid_1yr'),(120,'2025-04-16','Rapid','13771-92-1-H','Negative','2025-04-16','1568','Rapid_1yr'),(121,'2024-09-20','DBS','591','Negative','2024-11-14','1634','Rapid_1yr'),(122,'2025-04-18','Rapid','13770-26-4-R','Negative','2025-04-18','1584','Rapid_1yr'),(123,'2025-05-16','Rapid','15550-8-2-J','Negative','2025-05-16','1569','Rapid_1yr'),(124,'2025-03-21','Rapid','13947-54-17-J','Negative','2025-03-21','1564','Rapid_1yr'),(125,'2025-04-25','Rapid','13771-92-5-Z','Negative','2025-04-25','1567','Rapid_1yr'),(126,'2024-04-04','Rapid','13771-78-15-V','Negative','2025-04-04','1565','Rapid_1yr'),(127,'2024-04-30','DBS','527','Negative','2024-05-10','1553','DBS_6wks_Ini'),(128,'2025-03-07','Rapid','13771-58-4-X','Negative','2025-03-07','1550','Rapid_1yr'),(129,'2024-05-03','DBS','528','Negative','2024-05-13','1563','DBS_6wks_Ini'),(130,'2025-03-25','Rapid','None','Negative','2025-03-25','1558','Rapid_1yr'),(131,'2025-03-28','Rapid','13771-76-12-P','Negative','2025-03-28','1557','Rapid_1yr'),(132,'2025-03-14','Rapid','13771-64-16-W','Negative','2025-03-14','1549','Rapid_1yr'),(133,'2025-03-19','Rapid','13447-50-2-W','Negative','2025-03-19','1554','Rapid_1yr'),(134,'2025-03-06','Rapid','13771-58-2-B','Negative','2025-03-06','1546','Rapid_1yr'),(135,'2025-03-28','Rapid','13771-76-11-W','Negative','2025-03-28','1561','Rapid_1yr'),(136,'2025-02-28','Rapid','13771-56-8-X','Negative','2025-02-28','1536','Rapid_1yr'),(137,'2025-02-11','Rapid','13771-48-1-P','Negative','2026-02-11','1534','Rapid_1yr'),(138,'2024-07-01','DBS','552','Negative','2024-08-05','1599','DBS_6wks_Ini'),(139,'2025-02-14','DBS','13771-48-4-J','Negative','2025-02-14','1539','Rapid_1yr'),(140,'2025-02-07','Rapid','13817-84-17-X','Negative','2025-02-07','1538','Rapid_1yr'),(141,'2025-02-14','Rapid','13771-48-5-H','Negative','2025-02-14','1583','Rapid_1yr'),(142,'2025-02-28','Rapid','13771-56-7-P','Negative','2025-02-28','1532','Rapid_1yr'),(143,'2025-02-07','Rapid','13817-84-15-P','Negative','2025-02-07','1537','Rapid_1yr'),(144,'2025-05-02','Rapid','13771-100-2-H','Negative','2025-05-02','1556','Rapid_1yr'),(145,'2025-04-25','Rapid','13770-14-9-V','Negative','2025-04-25','1552','Rapid_1yr'),(146,'2025-02-25','Rapid','13771-56-6-Z','Negative','2025-02-25','1545','Rapid_1yr'),(147,'2025-03-10','Rapid','13947-36-4-F','Negative','2025-03-10','1542','Rapid_1yr'),(148,'2025-02-07','Rapid','13817-84-16-J','Negative','2025-02-07','1519','Rapid_1yr'),(149,'2024-12-27','Rapid','13771-22-7-H','Negative','2024-12-27','1521','Rapid_1yr'),(150,'2025-03-03','Rapid','13771-58-1-G','Negative','2025-03-03','1530','Rapid_1yr'),(151,'2025-02-14','Rapid','13771-48-3-F','Negative','2025-02-14','1544','Rapid_1yr'),(152,'2025-04-24','Rapid','13770-40-10-P','Negative','2025-04-24','1551','Rapid_1yr'),(153,'2025-01-08','Rapid','None','Negative','2025-01-08','1525','Rapid_1yr'),(154,'2024-03-21','DBS','504','Positive','2024-03-29','1529','DBS_6wks_Con'),(155,'2024-03-21','Rapid','503','Negative','2024-04-02','1535','DBS_6wks_Ini'),(156,'2024-02-23','Rapid','13771-32-1-P','Negative','2025-01-17','1540','Rapid_1yr'),(157,'2025-01-24','Rapid','13771-38-2-J','Negative','2025-01-24','1547','Rapid_1yr'),(158,'2025-04-22','Rapid','13771-92-4-P','Negative','2025-04-22','1523','Rapid_1yr'),(159,'2024-04-26','DBS','522','Negative','2024-05-07','1526','DBS_6wks_Ini'),(160,'2025-01-03','Rapid','13771-26-1-X','Negative','2025-01-03','1518','Rapid_1yr'),(161,'2025-01-17','Rapid','13771-32-14-F','Negative','2025-01-17','1531','Rapid_1yr'),(162,'2025-07-16','Rapid','7368-7-P','Negative','2025-07-16','1459','Rapid_2yr'),(163,'2025-04-16','Rapid','13771-92-2-F','Negative','2025-04-16','1533','Rapid_1yr'),(164,'2025-07-16','Rapid','7368-48-10-Z','Negative','2025-07-16','1455','Rapid_2yr'),(165,'2025-07-17','DBS','681',NULL,NULL,'1722','DBS_6wks_Ini'),(166,'2025-07-21','Rapid','15550-44-3-P','Negative','2025-07-21','1605','Rapid_1yr'),(167,'2024-10-25','DBS','608','Negative','2024-11-25','1631','DBS_6wks_Ini'),(168,'2024-10-10','Rapid','12070-68-3-V','Negative','2024-10-10','1487','Rapid_1yr'),(169,'2024-12-06','Rapid','13771-4-14-W','Negative','2024-12-06','1503','Rapid_1yr'),(170,'2024-12-30','Rapid','13771-22-16-Z','Negative','2024-12-30','1507','Rapid_1yr'),(171,'2024-12-20','Rapid','13771-20-7-G','Negative','2024-12-20','1528','Rapid_1yr'),(172,'2025-01-03','Rapid','13771-26-2-V','Negative','2025-01-03','1508','Rapid_1yr'),(173,'2024-12-06','Rapid','13771-4-12-V','Negative','2024-12-06','1510','Rapid_1yr'),(174,'2025-01-03','Rapid','13771-26-3-Z','Negative','2025-01-03','1511','Rapid_1yr'),(175,'2025-01-03','Rapid','13771-26-3-Z','Negative','2025-01-03','1511','Rapid_1yr'),(176,'2024-12-20','Rapid','13771-18-17-H','Negative','2024-12-20','1506','Rapid_1yr'),(177,'2025-01-17','Rapid','13771-32-16-J','Negative','2025-01-17','1512','Rapid_1yr'),(178,'2024-05-28','DBS','542','Positive','2024-07-12','1582','DBS_6wks_Ini'),(179,'2024-05-28','Rapid','1917-96-11-P','Positive','2024-05-28','1582','DBS_Rapid_Conf'),(180,'2024-07-18','DBS','556','Positive','2024-08-08','1582','DBS_Rapid_Conf'),(181,'2024-12-27','Rapid','13771-22-8-P','Negative','2024-12-27','1505','Rapid_1yr'),(182,'2024-12-27','Rapid','13818-86-10-G','Negative','2024-12-27','1517','Rapid_1yr'),(183,'2024-12-20','Rapid','13771-18-16-F','Negative','2024-12-20','1516','Rapid_1yr'),(184,'2024-12-06','Rapid','13771-4-13-Z','Negative','2024-12-06','1502','Rapid_1yr'),(185,'2024-12-20','Rapid','1377-20-3-X','Negative','2024-12-20','1514','Rapid_1yr'),(186,'2024-12-20','Rapid','13771-20-4-V','Negative','2024-12-20','1513','Rapid_1yr'),(187,'2024-11-15','Rapid','12070-92-5-W','Negative','2024-11-15','1522','Rapid_1yr'),(188,'2024-11-15','Rapid','12070-92-4-X','Negative','2024-11-15','1497','Rapid_1yr'),(189,'2024-11-19','Rapid','12070-96-10-W','Negative','2024-11-19','1499','Rapid_1yr'),(190,'2025-01-24','Rapid','3057-58-14-X','Negative','2025-01-24','1509','Rapid_1yr'),(191,'2024-10-11','Rapid','12070-68-6-F','Negative','2024-10-11','1490','Rapid_1yr'),(192,'2024-10-29','Rapid','12070-82-16-G','Negative','2024-10-29','1638','Rapid_1yr'),(193,'2024-10-01','Rapid','12070-64-1-X','Negative','2024-10-01','1615','Rapid_1yr'),(194,'2024-10-11','Rapid','12070-68-4-X','Negative','2024-10-11','1488','Rapid_1yr'),(195,'2024-10-28','Rapid','1377-6-1-W','Negative','2024-10-28','1489','Rapid_1yr'),(196,'2024-10-11','Rapid','12070-68-6-F','Negative','2024-10-11','1492','Rapid_1yr'),(197,'2024-10-25','Rapid','12070-80-2-B','Negative','2024-10-25','1491','Rapid_1yr'),(198,'2024-10-04','Rapid','12070-84-1-V','Negative','2024-10-04','1496','Rapid_1yr'),(199,'2024-10-18','Rapid','12070-72-11-P','Negative','2024-10-18','1494','Rapid_1yr'),(200,'2024-06-05','DBS','545','Positive','2024-08-01','1588','DBS_6wks_Ini'),(201,'2024-11-12','Rapid','12070-92-2-B','Negative','2024-11-12','1485','Rapid_1yr'),(202,'2024-09-30','Rapid','3057-48-12-X','Negative','2024-09-30','1483','Rapid_1yr'),(203,'2024-11-13','Rapid','3057-52-15-G','Negative','2024-11-13','1484','Rapid_1yr'),(204,'2024-09-26','Rapid','12070-58-15-P','Negative','2024-09-26','1477','Rapid_1yr'),(205,'2024-09-27','Rapid','12070-58-17-X','Negative','2024-09-27','1482','Rapid_1yr'),(206,'2024-11-07','Rapid','3057-52-3-B','Negative','2024-11-07','1501','Rapid_1yr'),(207,'2024-09-27','Rapid','12070-58-16-J','Negative','2024-09-27','1486','Rapid_1yr'),(208,'2024-09-20','Rapid','12070-56-7-W','Negative','2024-09-20','1493','Rapid_1yr'),(209,'2024-09-12','Rapid','12070-52-11-H','Negative','2024-09-12','1480','Rapid_1yr'),(210,'2024-08-16','Rapid','12070-36-8-G','Negative','2024-08-16','1472','Rapid_1yr'),(211,'2024-08-23','Rapid','12070-40-5-G','Negative','2024-08-23','1469','Rapid_1yr'),(212,'2024-08-02','Rapid','12070-26-2-G','Negative','2024-08-02','1465','Rapid_1yr'),(213,'2024-09-06','Rapid','12070-4-8-13-Z','Negative','2024-09-06','1468','Rapid_1yr'),(214,'2024-01-12','DBS','470','Positive','2024-01-24','1500','DBS_6wks_Con'),(215,'2024-09-06','Rapid','12070-48-12-W','Negative','2024-09-06','1466','Rapid_1yr'),(216,'2024-08-23','Rapid','12070-40-7-F','Negative','2024-08-23','1467','Rapid_1yr'),(217,'2024-08-23','Rapid','12070-40-6-B','Negative','2024-08-23','1470','Rapid_1yr'),(218,'2024-08-26','Rapid','12070-40-9-3','Negative','2024-08-26','1471','Rapid_1yr'),(219,'2024-07-12','Rapid','12070-10-13-Z','Negative','2024-07-12','1461','Rapid_1yr'),(220,'2025-07-11','Rapid','15550-36-5-V','Negative','2025-07-11','1458','Rapid_2yr'),(221,'2025-07-09','Rapid','15550-36-3-P','Negative','2025-07-09','1454','Rapid_2yr'),(222,'2025-05-30','Rapid','15551-26-7-Z','Negative','2025-05-30','1721','Rapid_1yr'),(223,'2025-07-01','Rapid','15550-36-2-J','Negative','2025-07-01','1453','Rapid_2yr'),(224,'2024-11-18','Rapid','13772-68-4-G','Negative','2024-11-18','1665','Rapid_1yr'),(225,'2024-07-05','Rapid','17070-10-9-V','Negative','2024-07-05','1449','Rapid_1yr'),(226,'2025-06-27','Rapid','15550-32-2-F','Negative','2025-06-27','1444','Rapid_2yr'),(227,'2025-05-27','Rapid','15550-14-9-V','Negative','2025-05-27','1448','Rapid_2yr'),(228,'2024-06-14','Rapid','12070-2-6-H','Negative','2024-06-14','1450','Rapid_1yr'),(229,'2024-07-11','Rapid','12070-10-11-X','Negative','2024-07-11','1571','Rapid_1yr'),(230,'2025-05-02','Rapid','None','Negative','2025-05-02','1440','Rapid_2yr'),(231,'2025-06-02','Rapid','15550-16-1-P','Negative','2025-06-02','1442','Rapid_2yr'),(232,'2025-06-05','Rapid','15550-18-16-J','Negative','2025-06-05','1437','Rapid_1yr'),(233,'2025-05-16','Rapid','15550-8-1-Z','Negative','2025-05-16','1435','Rapid_2yr'),(234,'2025-05-09','Rapid','15550-2-17-X','Negative','2025-05-09','1438','Rapid_2yr'),(235,'2024-04-08','Rapid','1917-60-13-P','Negative','2024-04-08','1432','Rapid_1yr'),(236,'2025-04-04','Rapid','13771-80-1-V','Negative','2025-04-04','1426','Rapid_2yr'),(237,'2025-04-28','Rapid','13771-96-5-V','Negative','2025-04-28','1447','Rapid_2yr'),(238,'2025-01-16','DBS','637','Positive','2025-03-04','1673','DBS_Rapid_Conf'),(239,'2025-03-04','Rapid','13947-26-6-G','Negative','2025-03-04','1420','Rapid_2yr'),(240,'2025-05-28','Rapid','15550-14-10-P','Negative','2025-05-28','1425','Rapid_2yr'),(241,'2025-03-28','Rapid','13771-76-13-B','Negative','2025-03-28','1441','Rapid_2yr'),(242,'2024-08-07','Rapid','12070-30-10-Z','Negative','2024-08-07','1433','Rapid_1yr'),(243,'2025-03-07','Rapid','None','Negative','2025-03-07','1427','Rapid_2yr'),(244,'2025-04-11','Rapid','13771-86-3-B','Negative','2025-04-11','1419','Rapid_2yr'),(245,'2025-02-14','Rapid','13771-48-2-X','Negative','2025-02-14','1423','Rapid_2yr'),(246,'2023-03-16','DBS','410','Negative','2023-04-06','1415','DBS_6wks_Ini'),(247,'2024-01-19','Rapid','3058-98-17-G','Negative','2024-01-19','1408','Rapid_1yr'),(248,'2024-02-02','Rapid','1417-16-1-X','Negative','2024-02-02','1431','Rapid_1yr'),(249,'2023-09-01','DBS','440','Positive','2023-09-12','1464','DBS_6wks_Con'),(250,'2024-01-29','Rapid','None','Negative','2024-01-29','1418','Rapid_1yr'),(251,'2025-01-27','Rapid','13771-40-1-B','Negative','2025-01-27','1414','Rapid_2yr'),(252,'2025-01-24','Rapid','13771-38-4-H','Negative','2025-01-24','1416','Rapid_2yr'),(253,'2025-01-24','Rapid','13771-38-3-P','Negative','2025-01-24','1410','Rapid_2yr'),(254,'2025-01-17','Rapid','13771-32-12-Z','Negative','2025-01-17','1409','Rapid_2yr'),(255,'2025-01-17','Rapid','13771-32-13-G','Negative','2025-01-17','1439','Rapid_2yr'),(256,'2025-05-19','DBS','664','Negative','2025-06-03','1691','DBS_6wks_Ini'),(257,'2024-09-27','DBS','596','Negative','2024-11-14','1617','DBS_6wks_Ini'),(258,'2025-07-16','Rapid','7368-48-9-F','Negative','2025-07-16','1606','Rapid_1yr'),(259,'2025-04-04','Rapid','13771-7-8','Negative','2025-04-04','1566','Rapid_1yr'),(260,'2024-03-08','DBS','498','Positive','2024-03-19','1529','DBS_6wks_Ini'),(261,'2025-05-30','DBS','670','Negative','2025-06-23','1708','DBS_6wks_Ini'),(262,'2025-06-13','DBS','675','Negative','2025-06-27','1716','DBS_6wks_Ini'),(263,'2025-06-26','DBS','676','Negative','2025-07-22','1717','DBS_6wks_Ini'),(264,'2025-07-09','DBS','680','Negative','2025-07-22','1719','DBS_6wks_Ini'),(265,'2025-06-30','DBS','677','Negative','2025-07-22','1732','DBS_6wks_Ini'),(266,'2025-07-25','DBS','685',NULL,NULL,'1727','DBS_6wks_Ini'),(267,'2025-07-25','Rapid','15550-46-16-J','Negative','2025-07-25','1461','Rapid_2yr'),(268,'2025-07-23','DBS','681',NULL,NULL,'1725','DBS_6wks_Ini'),(269,'2025-07-28','Rapid','15550-48-13-H','Negative','2025-07-28','1587','Rapid_1yr');
/*!40000 ALTER TABLE `children_htssample` ENABLE KEYS */;
UNLOCK TABLES;

--
-- Table structure for table `children_systemlog`
--

DROP TABLE IF EXISTS `children_systemlog`;
/*!40101 SET @saved_cs_client     = @@character_set_client */;
/*!50503 SET character_set_client = utf8mb4 */;
CREATE TABLE `children_systemlog` (
  `id` bigint NOT NULL AUTO_INCREMENT,
  `action` varchar(20) CHARACTER SET utf8mb4 COLLATE utf8mb4_general_ci NOT NULL,
  `message` longtext CHARACTER SET utf8mb4 COLLATE utf8mb4_general_ci NOT NULL,
  `timestamp` datetime(6) NOT NULL,
  `user_id` int DEFAULT NULL,
  PRIMARY KEY (`id`),
  KEY `children_systemlog_user_id_e469c4c9_fk_auth_user_id` (`user_id`),
  CONSTRAINT `children_systemlog_user_id_e469c4c9_fk_auth_user_id` FOREIGN KEY (`user_id`) REFERENCES `auth_user` (`id`)
) ENGINE=InnoDB DEFAULT CHARSET=utf8mb4 COLLATE=utf8mb4_general_ci;
/*!40101 SET character_set_client = @saved_cs_client */;

--
-- Dumping data for table `children_systemlog`
--

LOCK TABLES `children_systemlog` WRITE;
/*!40000 ALTER TABLE `children_systemlog` DISABLE KEYS */;
/*!40000 ALTER TABLE `children_systemlog` ENABLE KEYS */;
UNLOCK TABLES;

--
-- Table structure for table `django_admin_log`
--

DROP TABLE IF EXISTS `django_admin_log`;
/*!40101 SET @saved_cs_client     = @@character_set_client */;
/*!50503 SET character_set_client = utf8mb4 */;
CREATE TABLE `django_admin_log` (
  `id` int NOT NULL AUTO_INCREMENT,
  `action_time` datetime(6) NOT NULL,
  `object_id` longtext CHARACTER SET utf8mb4 COLLATE utf8mb4_general_ci,
  `object_repr` varchar(200) CHARACTER SET utf8mb4 COLLATE utf8mb4_general_ci NOT NULL,
  `action_flag` smallint unsigned NOT NULL,
  `change_message` longtext CHARACTER SET utf8mb4 COLLATE utf8mb4_general_ci NOT NULL,
  `content_type_id` int DEFAULT NULL,
  `user_id` int NOT NULL,
  PRIMARY KEY (`id`),
  KEY `django_admin_log_content_type_id_c4bce8eb_fk_django_co` (`content_type_id`),
  KEY `django_admin_log_user_id_c564eba6_fk_auth_user_id` (`user_id`),
  CONSTRAINT `django_admin_log_content_type_id_c4bce8eb_fk_django_co` FOREIGN KEY (`content_type_id`) REFERENCES `django_content_type` (`id`),
  CONSTRAINT `django_admin_log_user_id_c564eba6_fk_auth_user_id` FOREIGN KEY (`user_id`) REFERENCES `auth_user` (`id`),
  CONSTRAINT `django_admin_log_chk_1` CHECK ((`action_flag` >= 0))
) ENGINE=InnoDB AUTO_INCREMENT=66 DEFAULT CHARSET=utf8mb4 COLLATE=utf8mb4_general_ci;
/*!40101 SET character_set_client = @saved_cs_client */;

--
-- Dumping data for table `django_admin_log`
--

LOCK TABLES `django_admin_log` WRITE;
/*!40000 ALTER TABLE `django_admin_log` DISABLE KEYS */;
INSERT INTO `django_admin_log` VALUES (1,'2025-07-07 06:12:50.656000','2560','Mariam Allie (2560)',3,'',7,1),(2,'2025-07-07 06:12:50.656000','1683','Josephine Phinius (1683)',3,'',7,1),(3,'2025-07-07 06:12:50.656000','122','Alexander Amos (122)',3,'',7,1),(4,'2025-07-07 06:12:50.656000','12','Mariam Allie (12)',3,'',7,1),(5,'2025-07-07 06:16:20.620000','1865','Josephy Martha (1865)',1,'[{\"added\": {}}]',7,1),(6,'2025-07-07 06:18:06.564000','1865','Josephy Chimwemwe (1865)',2,'[{\"changed\": {\"fields\": [\"Child name\"]}}]',7,1),(7,'2025-07-07 06:25:53.142000','6','Josephy Chimwemwe - 2025-07-07 - 32 months',1,'[{\"added\": {}}]',8,1),(8,'2025-07-07 06:35:24.197000','1866','Maria Kadzanjankhoma (1866)',1,'[{\"added\": {}}]',7,1),(9,'2025-07-07 08:21:11.197000','1866','Maria Kadzanjankhoma (1866)',3,'',7,1),(10,'2025-07-07 08:21:11.197000','1865','Josephy Chimwemwe (1865)',3,'',7,1),(11,'2025-07-07 08:23:34.106000','1730','Bonomali Jella (1730)',1,'[{\"added\": {}}]',7,1),(12,'2025-07-07 08:25:34.397000','1731','Saudi Issa (1731)',1,'[{\"added\": {}}]',7,1),(13,'2025-07-07 08:27:20.035000','1724','Grace Asedi (1724)',1,'[{\"added\": {}}]',7,1),(14,'2025-07-07 08:28:54.419000','1726','Haji Asick (1726)',1,'[{\"added\": {}}]',7,1),(15,'2025-07-07 08:30:27.158000','1727','Falida Nufu (1727)',1,'[{\"added\": {}}]',7,1),(16,'2025-07-07 08:31:58.821000','1725','Lucia Geofrey (1725)',1,'[{\"added\": {}}]',7,1),(17,'2025-07-07 08:33:56.895000','1723','Zainab Abdul (1723)',1,'[{\"added\": {}}]',7,1),(18,'2025-07-07 08:35:36.120000','1722','Abdul Saiti (1722)',1,'[{\"added\": {}}]',7,1),(19,'2025-07-07 08:36:49.297000','1716','Razack Twaibu (1716)',1,'[{\"added\": {}}]',7,1),(20,'2025-07-07 08:38:39.577000','1732','Shabilu Kassimu (1732)',1,'[{\"added\": {}}]',7,1),(21,'2025-07-07 08:42:22.466000','1','Osphyncodes',2,'[{\"changed\": {\"fields\": [\"First name\", \"Last name\"]}}]',4,1),(22,'2025-07-07 21:34:19.183000','1000','Test Child (1000)',1,'[{\"added\": {}}]',7,1),(23,'2025-07-07 21:36:03.298000','2','Test Child - 2025-05-01 - -2 months',1,'[{\"added\": {}}]',8,1),(24,'2025-07-07 21:37:06.431000','2','Test Child - 2025-05-01 - -2 months',2,'[{\"changed\": {\"fields\": [\"Follow up outcome\"]}}]',8,1),(25,'2025-07-07 21:37:33.271000','2','Test Child - 2025-05-01 - -2 months',2,'[{\"changed\": {\"fields\": [\"Follow up outcome\"]}}]',8,1),(26,'2025-07-07 21:38:25.740000','2','Test Child - 2025-05-01 - -2 months',2,'[{\"changed\": {\"fields\": [\"Next appointment or outcome date\"]}}]',8,1),(27,'2025-07-07 21:38:42.827000','2','Test Child - 2025-05-01 - -2 months',2,'[{\"changed\": {\"fields\": [\"Follow up outcome\"]}}]',8,1),(28,'2025-07-07 21:39:08.440000','2','Test Child - 2025-05-01 - -2 months',2,'[{\"changed\": {\"fields\": [\"Next appointment or outcome date\"]}}]',8,1),(29,'2025-07-07 21:39:29.896000','2','Test Child - 2025-05-01 - -2 months',2,'[{\"changed\": {\"fields\": [\"Next appointment or outcome date\"]}}]',8,1),(30,'2025-07-07 21:43:19.521000','2','Test Child - 2025-05-01 - -2 months',2,'[{\"changed\": {\"fields\": [\"Next appointment or outcome date\"]}}]',8,1),(31,'2025-07-07 21:58:56.867000','1003','Josephy Ng\'omba (1003)',3,'',7,1),(32,'2025-07-07 21:58:56.867000','1002','Josephy Ng\'omba (1002)',3,'',7,1),(33,'2025-07-07 21:58:56.867000','1000','Josephy Ng\'omba (1000)',3,'',7,1),(34,'2025-07-08 11:19:15.391000','1','osphyncodes',2,'[{\"changed\": {\"fields\": [\"Username\"]}}]',4,1),(35,'2025-07-08 12:50:23.192000','1566','Idrissa Frank (1566)',1,'[{\"added\": {}}]',7,1),(36,'2025-07-08 12:57:23.752000','1489','Alima Ngunga (1489)',1,'[{\"added\": {}}]',7,1),(37,'2025-07-09 14:46:38.358000','3','Bonomali Jella - None - ? months',3,'',8,1),(38,'2025-07-09 14:46:38.358000','1','Bonomali Jella - None - ? months',3,'',8,1),(39,'2025-07-09 14:55:29.083000','15','Lucia Geofrey - 2025-06-10 - 0 months',2,'[{\"changed\": {\"fields\": [\"Visit date\"]}}]',8,1),(40,'2025-07-09 15:56:54.145000','34','Paulos Dyson - 2025-04-08 - 0 months',2,'[{\"changed\": {\"fields\": [\"Next appointment or outcome date\"]}}]',8,1),(41,'2025-07-09 15:58:33.166000','34','Paulos Dyson - 2025-04-08 - 0 months',2,'[{\"changed\": {\"fields\": [\"Height\", \"Weight\", \"Drug given\", \"Cpt given\"]}}]',8,1),(42,'2025-07-09 16:37:38.597000','51','Amina Namwera - 2025-07-01 - 5 months',2,'[{\"changed\": {\"fields\": [\"Breastfeeding\"]}}]',8,1),(43,'2025-07-09 17:13:28.770000','65','Jazaka Liya - 2025-06-06 - 5 months',2,'[{\"changed\": {\"fields\": [\"Clinical monitoring\"]}}]',8,1),(44,'2025-07-14 12:53:52.102716','1504','Rafaji Sani (1504)',2,'[{\"changed\": {\"fields\": [\"Child name\"]}}]',7,1),(45,'2025-07-14 13:01:38.673368','1685','Mariam Mussa (1685)',2,'[{\"changed\": {\"fields\": [\"Mother art number\"]}}]',7,1),(46,'2025-07-14 13:02:00.467871','1686','Chikondi Mussa (1686)',2,'[{\"changed\": {\"fields\": [\"Mother art number\"]}}]',7,1),(47,'2025-07-15 08:21:11.250489','114','John Waya - 2025-07-15 - 8 months',3,'',8,1),(48,'2025-07-15 09:48:39.094999','123','Zainab Msusa - 2024-11-20 - 2 months',3,'',8,1),(49,'2025-07-15 13:49:54.970109','1581','Hazrat Jangiya (1581)',2,'[{\"changed\": {\"fields\": [\"Guardian phone\"]}}]',7,1),(50,'2025-07-15 14:56:31.668578','171','Muhammad Komina - 2025-04-25 - 12 months',2,'[{\"changed\": {\"fields\": [\"Visit date\"]}}]',8,1),(51,'2025-07-16 08:18:23.879974','201','Nulaini Alabi - 2024-03-21 - 2 months',2,'[{\"changed\": {\"fields\": [\"Art number\"]}}]',8,1),(52,'2025-07-16 09:47:38.729655','1608','Ashraf Mussa (1608)',2,'[{\"changed\": {\"fields\": [\"Child dob\"]}}]',7,1),(53,'2025-07-16 09:51:45.834123','1553','Kafiya M\'bwana (1553)',2,'[{\"changed\": {\"fields\": [\"Child dob\"]}}]',7,1),(54,'2025-07-16 12:35:09.830501','209','Aida Duncan - 2025-07-16 - 10 months',1,'[{\"added\": {}}]',8,1),(55,'2025-07-23 06:04:04.909560','172','Shukulani Abdul - Rapid - Negative',2,'[{\"changed\": {\"fields\": [\"Date received\"]}}]',9,1),(56,'2025-07-23 08:04:12.700918','203','Mwatitha Headson - Rapid - Negative',2,'[{\"changed\": {\"fields\": [\"Date received\"]}}]',9,1),(57,'2025-07-23 13:53:50.054237','159','Daniel Saidi - 2024-12-18 - 7 months',2,'[{\"changed\": {\"fields\": [\"Next appointment or outcome date\"]}}]',8,1),(58,'2025-07-24 11:50:13.608545','8','Sallina John - 2025-07-09 - 2 months',2,'[{\"changed\": {\"fields\": [\"Infection status\"]}}]',8,1),(59,'2025-07-24 11:57:39.803923','5','Zainab Abdul - 2025-07-08 - 1 months',2,'[{\"changed\": {\"fields\": [\"Infection status\"]}}]',8,1),(60,'2025-07-24 12:00:46.835973','66','Grace Asedi - 2025-06-18 - 0 months',2,'[{\"changed\": {\"fields\": [\"Visit date\", \"Next appointment or outcome date\"]}}]',8,1),(61,'2025-07-24 12:01:28.106418','66','Grace Asedi - 2025-06-18 - 0 months',2,'[]',8,1),(62,'2025-07-25 12:29:15.253318','340','Shukurani Shaibu - 2025-07-25 - 24 months',2,'[{\"changed\": {\"fields\": [\"Hiv testing\", \"Infection status\"]}}]',8,1),(63,'2025-07-25 12:33:21.586988','337','Zione Salimu - 2025-07-25 - 23 months',2,'[{\"changed\": {\"fields\": [\"Visit date\"]}}]',8,1),(64,'2025-07-25 12:33:31.735904','332','Estery Usi - 2025-07-25 - 6 months',2,'[{\"changed\": {\"fields\": [\"Visit date\"]}}]',8,1),(65,'2025-07-25 16:30:40.255993','4','Idrissa Frank - 2025-07-08 - 15 months',2,'[{\"changed\": {\"fields\": [\"Infection status\"]}}]',8,1);
/*!40000 ALTER TABLE `django_admin_log` ENABLE KEYS */;
UNLOCK TABLES;

--
-- Table structure for table `django_content_type`
--

DROP TABLE IF EXISTS `django_content_type`;
/*!40101 SET @saved_cs_client     = @@character_set_client */;
/*!50503 SET character_set_client = utf8mb4 */;
CREATE TABLE `django_content_type` (
  `id` int NOT NULL AUTO_INCREMENT,
  `app_label` varchar(100) CHARACTER SET utf8mb4 COLLATE utf8mb4_general_ci NOT NULL,
  `model` varchar(100) CHARACTER SET utf8mb4 COLLATE utf8mb4_general_ci NOT NULL,
  PRIMARY KEY (`id`),
  UNIQUE KEY `django_content_type_app_label_model_76bd3d3b_uniq` (`app_label`,`model`)
) ENGINE=InnoDB AUTO_INCREMENT=22 DEFAULT CHARSET=utf8mb4 COLLATE=utf8mb4_general_ci;
/*!40101 SET character_set_client = @saved_cs_client */;

--
-- Dumping data for table `django_content_type`
--

LOCK TABLES `django_content_type` WRITE;
/*!40000 ALTER TABLE `django_content_type` DISABLE KEYS */;
INSERT INTO `django_content_type` VALUES (1,'admin','logentry'),(21,'art','childvisit'),(3,'auth','group'),(2,'auth','permission'),(4,'auth','user'),(7,'children','child'),(8,'children','childvisit'),(9,'children','htssample'),(10,'children','systemlog'),(5,'contenttypes','contenttype'),(15,'pact','genotype'),(16,'pact','guardian'),(12,'pact','labresult'),(11,'pact','patient'),(18,'pact','presentation'),(13,'pact','regimen'),(17,'pact','school'),(14,'pact','staff'),(19,'pact','survey'),(20,'pact','village'),(6,'sessions','session');
/*!40000 ALTER TABLE `django_content_type` ENABLE KEYS */;
UNLOCK TABLES;

--
-- Table structure for table `django_migrations`
--

DROP TABLE IF EXISTS `django_migrations`;
/*!40101 SET @saved_cs_client     = @@character_set_client */;
/*!50503 SET character_set_client = utf8mb4 */;
CREATE TABLE `django_migrations` (
  `id` bigint NOT NULL AUTO_INCREMENT,
  `app` varchar(255) CHARACTER SET utf8mb4 COLLATE utf8mb4_general_ci NOT NULL,
  `name` varchar(255) CHARACTER SET utf8mb4 COLLATE utf8mb4_general_ci NOT NULL,
  `applied` datetime(6) NOT NULL,
  PRIMARY KEY (`id`)
) ENGINE=InnoDB AUTO_INCREMENT=47 DEFAULT CHARSET=utf8mb4 COLLATE=utf8mb4_general_ci;
/*!40101 SET character_set_client = @saved_cs_client */;

--
-- Dumping data for table `django_migrations`
--

LOCK TABLES `django_migrations` WRITE;
/*!40000 ALTER TABLE `django_migrations` DISABLE KEYS */;
INSERT INTO `django_migrations` VALUES (1,'contenttypes','0001_initial','2025-07-09 22:43:15.547841'),(2,'auth','0001_initial','2025-07-09 22:43:17.178992'),(3,'admin','0001_initial','2025-07-09 22:43:17.610919'),(4,'admin','0002_logentry_remove_auto_add','2025-07-09 22:43:17.641972'),(5,'admin','0003_logentry_add_action_flag_choices','2025-07-09 22:43:17.662215'),(6,'contenttypes','0002_remove_content_type_name','2025-07-09 22:43:17.931292'),(7,'auth','0002_alter_permission_name_max_length','2025-07-09 22:43:18.093647'),(8,'auth','0003_alter_user_email_max_length','2025-07-09 22:43:18.148189'),(9,'auth','0004_alter_user_username_opts','2025-07-09 22:43:18.171149'),(10,'auth','0005_alter_user_last_login_null','2025-07-09 22:43:18.339382'),(11,'auth','0006_require_contenttypes_0002','2025-07-09 22:43:18.352413'),(12,'auth','0007_alter_validators_add_error_messages','2025-07-09 22:43:18.376115'),(13,'auth','0008_alter_user_username_max_length','2025-07-09 22:43:18.568574'),(14,'auth','0009_alter_user_last_name_max_length','2025-07-09 22:43:18.736615'),(15,'auth','0010_alter_group_name_max_length','2025-07-09 22:43:18.788166'),(16,'auth','0011_update_proxy_permissions','2025-07-09 22:43:18.811107'),(17,'auth','0012_alter_user_first_name_max_length','2025-07-09 22:43:19.009148'),(18,'children','0001_initial','2025-07-09 22:43:19.090735'),(19,'children','0002_alter_child_child_name_alter_child_guardian_name','2025-07-09 22:43:19.157647'),(20,'children','0003_child_child_gender','2025-07-09 22:43:19.311834'),(21,'children','0004_childvisit','2025-07-09 22:43:19.568752'),(22,'children','0005_child_relationship','2025-07-09 22:43:19.733621'),(23,'children','0006_htssample','2025-07-09 22:43:19.968894'),(24,'children','0007_systemlog','2025-07-09 22:43:20.164362'),(25,'children','0007_alter_childvisit_breastfeeding_and_more','2025-07-09 22:43:21.187606'),(26,'children','0008_merge_20250708_0014','2025-07-09 22:43:21.201266'),(27,'children','0009_alter_htssample_date_received_alter_htssample_result','2025-07-09 22:43:21.533923'),(28,'children','0010_childvisit_drug_given_alter_childvisit_breastfeeding_and_more','2025-07-09 22:43:21.706399'),(29,'children','0011_alter_childvisit_breastfeeding_and_more','2025-07-09 22:43:21.755820'),(30,'sessions','0001_initial','2025-07-09 22:43:21.857418'),(31,'children','0012_alter_child_agrees_to_fup_alter_child_guardian_phone_and_more','2025-07-15 11:52:51.635331'),(32,'children','0013_htssample_reason','2025-07-16 06:50:12.545518'),(33,'children','0014_childvisit_art_number','2025-07-16 08:16:57.525318'),(34,'children','0015_alter_childvisit_id','2025-07-16 11:28:24.986413'),(35,'children','0016_alter_htssample_id','2025-07-16 11:30:29.004009'),(36,'children','0017_alter_childvisit_id_alter_htssample_id','2025-07-16 12:34:52.483313'),(37,'pact','0001_initial','2025-07-22 08:21:01.203050'),(38,'pact','0002_alter_patient_gender_alter_patient_outcome','2025-07-22 08:57:20.486741'),(39,'pact','0003_labresult','2025-07-22 09:27:23.050709'),(40,'pact','0004_alter_labresult_test_reason','2025-07-22 11:32:53.555640'),(41,'children','0018_alter_childvisit_art_number','2025-07-22 19:55:39.752619'),(42,'pact','0002_alter_patient_outcome','2025-07-22 20:39:43.249491'),(43,'children','0002_alter_childvisit_follow_up_outcome','2025-07-23 07:53:48.765454'),(44,'art','0001_initial','2025-07-28 11:54:45.193756'),(45,'pact','0003_staff_genotype_guardian_school_presentation_survey_and_more','2025-07-28 11:54:45.203020'),(46,'pact','0004_alter_guardian_art_number','2025-07-28 11:54:45.210874');
/*!40000 ALTER TABLE `django_migrations` ENABLE KEYS */;
UNLOCK TABLES;

--
-- Table structure for table `django_session`
--

DROP TABLE IF EXISTS `django_session`;
/*!40101 SET @saved_cs_client     = @@character_set_client */;
/*!50503 SET character_set_client = utf8mb4 */;
CREATE TABLE `django_session` (
  `session_key` varchar(40) CHARACTER SET utf8mb4 COLLATE utf8mb4_general_ci NOT NULL,
  `session_data` longtext CHARACTER SET utf8mb4 COLLATE utf8mb4_general_ci NOT NULL,
  `expire_date` datetime(6) NOT NULL,
  PRIMARY KEY (`session_key`),
  KEY `django_session_expire_date_a5c62663` (`expire_date`)
) ENGINE=InnoDB DEFAULT CHARSET=utf8mb4 COLLATE=utf8mb4_general_ci;
/*!40101 SET character_set_client = @saved_cs_client */;

--
-- Dumping data for table `django_session`
--

LOCK TABLES `django_session` WRITE;
/*!40000 ALTER TABLE `django_session` DISABLE KEYS */;
INSERT INTO `django_session` VALUES ('058f3ly91higfnh8ybn9mc9w7l0wf3w1','.eJxVjEEOwiAQRe_C2pAyDAVcuvcMZGBAqoYmpV0Z765NutDtf-_9lwi0rTVsPS9hYnEWSpx-t0jpkdsO-E7tNss0t3WZotwVedAurzPn5-Vw_w4q9fqtMyP6Ygpp6wm1IwXGOZ3AoB1NKaAoa7CDUqNVHiFGZhtdQRyKBZ_F-wPJ6jcg:1ueWqr:uO0EBbjrQq4dY5wWS7ofzX_K7GfFiKfhAN-uC-LYS8w','2025-07-23 10:52:33.478779'),('08rt0l9ej46d59koqq2evgfjt5yaouiz','.eJxVjEEOgjAQRe_StWmmQ6FTl-49A-nMFEFNSSisjHdXEha6_e-9_zJ92tax32pe-knN2QRz-t04ySOXHeg9ldtsZS7rMrHdFXvQaq-z5uflcP8OxlTHb82q3oO0DVGLDiQCYiINGkmcBKJM2EGDGWBwfgjIwC2ypsjRda4z7w_JkDcM:1uepXB:JQcbFFuQTq81WxA7PRigWqzre7IOUTHChLACFRgsOAM','2025-07-24 06:49:29.146077'),('0upd253x3g6gchccejhz4oop5d1owp3s','.eJxVjEEOwiAQRe_C2pAyDAVcuvcMZGBAqoYmpV0Z765NutDtf-_9lwi0rTVsPS9hYnEWSpx-t0jpkdsO-E7tNss0t3WZotwVedAurzPn5-Vw_w4q9fqtMyP6Ygpp6wm1IwXGOZ3AoB1NKaAoa7CDUqNVHiFGZhtdQRyKBZ_F-wPJ6jcg:1ubeBN:RMC7Ld8jwhUfTOHfMbgNtZTgUJOPAH0x3_kCncs1zRo','2025-07-15 12:05:49.514442'),('0z1u7mpa5akzqis0gpitcvbhi57ny7y6','.eJxVjEEOwiAQRe_C2pAyDAVcuvcMZGBAqoYmpV0Z765NutDtf-_9lwi0rTVsPS9hYnEWSpx-t0jpkdsO-E7tNss0t3WZotwVedAurzPn5-Vw_w4q9fqtMyP6Ygpp6wm1IwXGOZ3AoB1NKaAoa7CDUqNVHiFGZhtdQRyKBZ_F-wPJ6jcg:1uboH8:t8V938UtNIug-3wodbwuI5cJI4UaUTeT5xAF2svZ8VU','2025-07-15 22:52:26.647182'),('1be6mfrpe5rguz6st2mq05qx39tlrr7y','.eJxVjEEOwiAQRe_C2pAyDAVcuvcMZGBAqoYmpV0Z765NutDtf-_9lwi0rTVsPS9hYnEWSpx-t0jpkdsO-E7tNss0t3WZotwVedAurzPn5-Vw_w4q9fqtMyP6Ygpp6wm1IwXGOZ3AoB1NKaAoa7CDUqNVHiFGZhtdQRyKBZ_F-wPJ6jcg:1uZks3:-0kDyI5eavTB6fabbeyCjYlpBqnL90tnd3agG8mjvgI','2025-07-10 06:50:03.607706'),('1iszar0iyqft16ufwq0w5a9eqotzmaca','.eJxVjEEOwiAQRe_C2pAyDAVcuvcMZGBAqoYmpV0Z765NutDtf-_9lwi0rTVsPS9hYnEWSpx-t0jpkdsO-E7tNss0t3WZotwVedAurzPn5-Vw_w4q9fqtMyP6Ygpp6wm1IwXGOZ3AoB1NKaAoa7CDUqNVHiFGZhtdQRyKBZ_F-wPJ6jcg:1ue9nm:BGUDJAI6sLgnegaufCVzAfr1trFnQtRIV6z819d-0ao','2025-07-22 10:15:50.110273'),('1ky5nxww82b1c0mqz2ivki508mblltqe','e30:1ucJdF:15lZ4ADC6dM7AknrrCK2lJjk-YPIFc0SfJMNiby-rz0','2025-07-17 08:21:21.031937'),('1qtzpv75gwve4epz5qx4sv9a1svps4n6','.eJxVjEEOwiAQRe_C2pAyDAVcuvcMZGBAqoYmpV0Z765NutDtf-_9lwi0rTVsPS9hYnEWSpx-t0jpkdsO-E7tNss0t3WZotwVedAurzPn5-Vw_w4q9fqtMyP6Ygpp6wm1IwXGOZ3AoB1NKaAoa7CDUqNVHiFGZhtdQRyKBZ_F-wPJ6jcg:1ufyqt:4JY5ga_ya_AGw-x339v7WT21KTaFzOPPRUEgW8H75KE','2025-07-27 10:58:35.014128'),('1rfvcurjpudsz6oo122xdytuogeqy1iu','.eJxVjEEOwiAQRe_C2pAyDAVcuvcMZGBAqoYmpV0Z765NutDtf-_9lwi0rTVsPS9hYnEWSpx-t0jpkdsO-E7tNss0t3WZotwVedAurzPn5-Vw_w4q9fqtMyP6Ygpp6wm1IwXGOZ3AoB1NKaAoa7CDUqNVHiFGZhtdQRyKBZ_F-wPJ6jcg:1uYuw3:gAzKFfU-3xnJqj_iSSNSlRzT-zhTNfpnA2GQHzZHoEk','2025-07-07 23:22:43.255000'),('2e2xua9zqv74vkid5mhyh7zwt42n7env','.eJxVjEEOwiAQRe_C2pAyDAVcuvcMZGBAqoYmpV0Z765NutDtf-_9lwi0rTVsPS9hYnEWSpx-t0jpkdsO-E7tNss0t3WZotwVedAurzPn5-Vw_w4q9fqtMyP6Ygpp6wm1IwXGOZ3AoB1NKaAoa7CDUqNVHiFGZhtdQRyKBZ_F-wPJ6jcg:1ue8Yk:wGYqMQYMNLstjNexHSmpoU0fzAcu3W-VzhcEhVfKx9Q','2025-07-22 08:56:14.353942'),('2ijok0dh4d9typ93xxojmhmx94hlxcva','e30:1udoAr:pg2YCL9KK_hVTVM0w_ZOSCHeEfrmevwdc1AIBWYovy4','2025-07-21 11:10:13.299118'),('2phltwnoqxz04fqrw5yt0j3j8t92cwur','.eJxVjEEOwiAQRe_C2pAyDAVcuvcMZGBAqoYmpV0Z765NutDtf-_9lwi0rTVsPS9hYnEWSpx-t0jpkdsO-E7tNss0t3WZotwVedAurzPn5-Vw_w4q9fqtMyP6Ygpp6wm1IwXGOZ3AoB1NKaAoa7CDUqNVHiFGZhtdQRyKBZ_F-wPJ6jcg:1uf7Zg:K3Zpsl9avRLXVYQjJtxUoNBjgvsPEMOT_pyo7LZnyRg','2025-07-25 02:05:16.992981'),('2qfgkkuewngv9kgl8d1c3xxoei0hdm9o','.eJxVjEEOwiAQRe_C2pAyDAVcuvcMZGBAqoYmpV0Z765NutDtf-_9lwi0rTVsPS9hYnEWSpx-t0jpkdsO-E7tNss0t3WZotwVedAurzPn5-Vw_w4q9fqtMyP6Ygpp6wm1IwXGOZ3AoB1NKaAoa7CDUqNVHiFGZhtdQRyKBZ_F-wPJ6jcg:1ufFaV:ukoKNDiy1e3wvW9cGaUDB8-omlPWoPaKITOEX7fTqCA','2025-07-25 10:38:39.791922'),('326p01bz52f5n0pmy7oakbs89g41fgzy','.eJxVjEEOwiAQRe_C2pAyDAVcuvcMZGBAqoYmpV0Z765NutDtf-_9lwi0rTVsPS9hYnEWSpx-t0jpkdsO-E7tNss0t3WZotwVedAurzPn5-Vw_w4q9fqtMyP6Ygpp6wm1IwXGOZ3AoB1NKaAoa7CDUqNVHiFGZhtdQRyKBZ_F-wPJ6jcg:1ubDQZ:VV-LE2jJc3J7vTNwlgZ8MTMeCj16fhRlDazf2jPa0HA','2025-07-14 07:31:43.073406'),('32exxfemx41uqe05tn2vnlqnkj4mojth','.eJxVjEEOwiAQRe_C2pAyDAVcuvcMZGBAqoYmpV0Z765NutDtf-_9lwi0rTVsPS9hYnEWSpx-t0jpkdsO-E7tNss0t3WZotwVedAurzPn5-Vw_w4q9fqtMyP6Ygpp6wm1IwXGOZ3AoB1NKaAoa7CDUqNVHiFGZhtdQRyKBZ_F-wPJ6jcg:1ub708:iBQ_MP7-DEDzCFN3GyFDyjtT1QLfPfsQ2_n64rfKTTg','2025-07-14 00:40:00.435371'),('333vza43yujm2o1ojt0dgsg97i0nqf94','.eJxVjEEOwiAQRe_C2pAyDAVcuvcMZGBAqoYmpV0Z765NutDtf-_9lwi0rTVsPS9hYnEWSpx-t0jpkdsO-E7tNss0t3WZotwVedAurzPn5-Vw_w4q9fqtMyP6Ygpp6wm1IwXGOZ3AoB1NKaAoa7CDUqNVHiFGZhtdQRyKBZ_F-wPJ6jcg:1uepIB:YY-0gGyneSsxfCZ5QFtbJaOClEhQnsrJagxCPAc7lng','2025-07-24 06:33:59.347384'),('34zxaxza04pqko0wdd2t4yy8u2ci02az','e30:1ugI0P:hzoqDErBZhIblWc3kRNvKJBzNpQlpveKxy2D6XWTjuE','2025-07-28 07:25:41.168247'),('3752r7vipagotgzquohb7q8s5r1i5u0l','.eJxVjEEOwiAQRe_C2pAyDAVcuvcMZGBAqoYmpV0Z765NutDtf-_9lwi0rTVsPS9hYnEWSpx-t0jpkdsO-E7tNss0t3WZotwVedAurzPn5-Vw_w4q9fqtMyP6Ygpp6wm1IwXGOZ3AoB1NKaAoa7CDUqNVHiFGZhtdQRyKBZ_F-wPJ6jcg:1udkey:j2wViMWsOMp9y2xGaUA8lhcTO6zFpvXa3TF54P16qvE','2025-07-21 07:25:04.651445'),('3c4ttgfcmol6r93rz40xo9ba339sya6z','e30:1ufKt8:G-q-0-04hSh9XoJtFsydV8Ru_6J_y2majK1cJGj1vTU','2025-07-25 16:18:14.208948'),('3h7fkdzro0itp80c2r4ve63s1djz4jtn','.eJxVjEEOwiAQRe_C2pAyDAVcuvcMZGBAqoYmpV0Z765NutDtf-_9lwi0rTVsPS9hYnEWSpx-t0jpkdsO-E7tNss0t3WZotwVedAurzPn5-Vw_w4q9fqtMyP6Ygpp6wm1IwXGOZ3AoB1NKaAoa7CDUqNVHiFGZhtdQRyKBZ_F-wPJ6jcg:1udnsp:pR-FjF0VC08a_riUzSTROX3sm1qhsfavq5t-jLs3_Ks','2025-07-21 10:51:35.151078'),('3tv2plnuelrbxoowub25v9poixpq0lxo','.eJxVjEEOwiAQRe_C2pAyDAVcuvcMZGBAqoYmpV0Z765NutDtf-_9lwi0rTVsPS9hYnEWSpx-t0jpkdsO-E7tNss0t3WZotwVedAurzPn5-Vw_w4q9fqtMyP6Ygpp6wm1IwXGOZ3AoB1NKaAoa7CDUqNVHiFGZhtdQRyKBZ_F-wPJ6jcg:1uZdcx:EnOPyoSmKZQuKOBUkgOgKFqmTkot0Cmh4UqnKPLhMG4','2025-07-09 23:05:59.608304'),('48c4wln6r8p6h3o07x66tq79mm4r31bl','.eJxVjEEOwiAQRe_C2pAyDAVcuvcMZGBAqoYmpV0Z765NutDtf-_9lwi0rTVsPS9hYnEWSpx-t0jpkdsO-E7tNss0t3WZotwVedAurzPn5-Vw_w4q9fqtMyP6Ygpp6wm1IwXGOZ3AoB1NKaAoa7CDUqNVHiFGZhtdQRyKBZ_F-wPJ6jcg:1ucI72:Bmqqu6jgXUAbAjzTMEbHGbTMGxXageq4yH5CP7D2zOc','2025-07-17 06:44:00.747431'),('4oguh0k2iqgo5g6k2903juvq473bshnk','.eJxVjEEOwiAQRe_C2pAyDAVcuvcMZGBAqoYmpV0Z765NutDtf-_9lwi0rTVsPS9hYnEWSpx-t0jpkdsO-E7tNss0t3WZotwVedAurzPn5-Vw_w4q9fqtMyP6Ygpp6wm1IwXGOZ3AoB1NKaAoa7CDUqNVHiFGZhtdQRyKBZ_F-wPJ6jcg:1uaCwW:FxpaaY_IaemT1oJ6mbBMdin3FgfSNXWRa8UvBD2rAJg','2025-07-11 12:48:32.819045'),('4uc93ge0vttblwxcszvnm3rwebvlwern','.eJxVjEEOwiAQRe_C2pAyDAVcuvcMZGBAqoYmpV0Z765NutDtf-_9lwi0rTVsPS9hYnEWSpx-t0jpkdsO-E7tNss0t3WZotwVedAurzPn5-Vw_w4q9fqtMyP6Ygpp6wm1IwXGOZ3AoB1NKaAoa7CDUqNVHiFGZhtdQRyKBZ_F-wPJ6jcg:1ubeam:KtyqR-v37dNk6p34A8gPNd1tb7rnDyH66KrPi16Y5aU','2025-07-15 12:32:04.760991'),('4zx2jdv9c0ee42x7jgpuqzimhkjb0lcy','.eJxVjEEOwiAQRe_C2pAyDAVcuvcMZGBAqoYmpV0Z765NutDtf-_9lwi0rTVsPS9hYnEWSpx-t0jpkdsO-E7tNss0t3WZotwVedAurzPn5-Vw_w4q9fqtMyP6Ygpp6wm1IwXGOZ3AoB1NKaAoa7CDUqNVHiFGZhtdQRyKBZ_F-wPJ6jcg:1uce3y:_S1riVZG-DHYDObNOS6IPoeJIFT7IdVWyxebUlk__bE','2025-07-18 06:10:18.983608'),('57hmcd5whe5uovcxg7o73fi0bi04km6r','e30:1uceiT:1DTxLgr_-X0gcDvVqG7QjxTBjQc-3Bd4T8Y_vPHeJlw','2025-07-18 06:52:09.751652'),('5bkkdsraxpwq6najlb8t1fns76d6xhxr','e30:1uZkMh:zZxI8kPITUNH5gE7gjW3U8Hu-0JHe_tJLi0nBM9WhPg','2025-07-10 06:17:39.155622'),('5f4pazh1ps8fi863wi1rs7nwq4m2fq6w','.eJxVjEEOwiAQRe_C2pAyDAVcuvcMZGBAqoYmpV0Z765NutDtf-_9lwi0rTVsPS9hYnEWSpx-t0jpkdsO-E7tNss0t3WZotwVedAurzPn5-Vw_w4q9fqtMyP6Ygpp6wm1IwXGOZ3AoB1NKaAoa7CDUqNVHiFGZhtdQRyKBZ_F-wPJ6jcg:1ue8uq:ofwQdx0R2uSDVIz1RhN0fVKc56Q17SQ7qSrB_luos_U','2025-07-22 09:19:04.736664'),('5j7l3xd8t1qweevp2e8xy1u8hqe7ni25','.eJxVjEEOwiAQRe_C2pAyDAVcuvcMZGBAqoYmpV0Z765NutDtf-_9lwi0rTVsPS9hYnEWSpx-t0jpkdsO-E7tNss0t3WZotwVedAurzPn5-Vw_w4q9fqtMyP6Ygpp6wm1IwXGOZ3AoB1NKaAoa7CDUqNVHiFGZhtdQRyKBZ_F-wPJ6jcg:1uZTmN:mXwzbYJ0yhmwAITtxF7kh2x97U42HU8HQ6VvtnRS9tQ','2025-07-09 12:35:03.427000'),('5lxpy95bkqq9qcl32x0v71wlfw9xtl5u','.eJxVjEEOwiAQRe_C2pAyDAVcuvcMZGBAqoYmpV0Z765NutDtf-_9lwi0rTVsPS9hYnEWSpx-t0jpkdsO-E7tNss0t3WZotwVedAurzPn5-Vw_w4q9fqtMyP6Ygpp6wm1IwXGOZ3AoB1NKaAoa7CDUqNVHiFGZhtdQRyKBZ_F-wPJ6jcg:1udnnA:zLlLWap_bpGgOCRxg7uB1hoNtLJNolInsqXiRXTNheM','2025-07-21 10:45:44.756932'),('607e96lrve5rnisbh3dold0gwcf5g9nt','e30:1uZU2c:jk-RQ1lOSyALfQH0LpU-wwAN6xjA458JHXjmHXsNL7w','2025-07-09 12:51:50.424000'),('64erkrc05tfkb6pahwmk0cx0i4fg3f5v','.eJxVjEEOwiAQRe_C2pAyDAVcuvcMZGBAqoYmpV0Z765NutDtf-_9lwi0rTVsPS9hYnEWSpx-t0jpkdsO-E7tNss0t3WZotwVedAurzPn5-Vw_w4q9fqtMyP6Ygpp6wm1IwXGOZ3AoB1NKaAoa7CDUqNVHiFGZhtdQRyKBZ_F-wPJ6jcg:1uesv6:rXatMwfRIzFHvltsaccAuuj_6HfiIFLC2mNpyaUTHt4','2025-07-24 10:26:24.496902'),('64ev1tc0l319dqmsg1uqltn8j9sc519m','.eJxVjEEOwiAQRe_C2pAyDAVcuvcMZGBAqoYmpV0Z765NutDtf-_9lwi0rTVsPS9hYnEWSpx-t0jpkdsO-E7tNss0t3WZotwVedAurzPn5-Vw_w4q9fqtMyP6Ygpp6wm1IwXGOZ3AoB1NKaAoa7CDUqNVHiFGZhtdQRyKBZ_F-wPJ6jcg:1ubcr3:zg8zk9BD90094f_Gp074_Y_maEsWCY3N5xm5lemvj0c','2025-07-15 10:40:45.330140'),('665bh6pu18rrkco54fbydokzff3p3jex','.eJxVjEEOwiAQRe_C2pAyDAVcuvcMZGBAqoYmpV0Z765NutDtf-_9lwi0rTVsPS9hYnEWSpx-t0jpkdsO-E7tNss0t3WZotwVedAurzPn5-Vw_w4q9fqtMyP6Ygpp6wm1IwXGOZ3AoB1NKaAoa7CDUqNVHiFGZhtdQRyKBZ_F-wPJ6jcg:1ubh59:9Md-nQo6gH9MBZ9hktsoMwpTAnt7oinvu5Z1ReR_i_w','2025-07-15 15:11:35.290489'),('6hur1myzq6csxsc7bspwisnn8hw0fuyi','.eJxVjEEOwiAQRe_C2pAyDAVcuvcMZGBAqoYmpV0Z765NutDtf-_9lwi0rTVsPS9hYnEWSpx-t0jpkdsO-E7tNss0t3WZotwVedAurzPn5-Vw_w4q9fqtMyP6Ygpp6wm1IwXGOZ3AoB1NKaAoa7CDUqNVHiFGZhtdQRyKBZ_F-wPJ6jcg:1ufcNz:mJvzlI5JGq3gAFSFhBk6Ef3qqoEGtxS5tgc6lqxjLwI','2025-07-26 10:59:15.968376'),('6oohpppicrz5hzizqa6a5zcsl46pxk06','.eJxVjEEOwiAQRe_C2pAyDAVcuvcMZGBAqoYmpV0Z765NutDtf-_9lwi0rTVsPS9hYnEWSpx-t0jpkdsO-E7tNss0t3WZotwVedAurzPn5-Vw_w4q9fqtMyP6Ygpp6wm1IwXGOZ3AoB1NKaAoa7CDUqNVHiFGZhtdQRyKBZ_F-wPJ6jcg:1uZn5k:_mPfbpifhC4g0ljHRdKEzeBCEpaHfOpSqvN47fNkwUQ','2025-07-10 09:12:20.188284'),('73ogxxklm1knye2y3vkm4i2grcr772f4','.eJxVjEEOwiAQRe_C2pAyDAVcuvcMZGBAqoYmpV0Z765NutDtf-_9lwi0rTVsPS9hYnEWSpx-t0jpkdsO-E7tNss0t3WZotwVedAurzPn5-Vw_w4q9fqtMyP6Ygpp6wm1IwXGOZ3AoB1NKaAoa7CDUqNVHiFGZhtdQRyKBZ_F-wPJ6jcg:1ug8cx:lN9XJNZNzjU0KrBCQs_AoOcROFpJXkEfwKvMMeaBVFs','2025-07-27 21:24:51.821967'),('76uf1i7mbnczwna4dzrmk5xe13q35uzp','.eJxVjEEOwiAQRe_C2pAyDAVcuvcMZGBAqoYmpV0Z765NutDtf-_9lwi0rTVsPS9hYnEWSpx-t0jpkdsO-E7tNss0t3WZotwVedAurzPn5-Vw_w4q9fqtMyP6Ygpp6wm1IwXGOZ3AoB1NKaAoa7CDUqNVHiFGZhtdQRyKBZ_F-wPJ6jcg:1ueDWH:pcC52EtQeGRCCba38Mrjcv6r5oM5vFzIgMm3MSDBQqA','2025-07-22 14:14:01.192201'),('7cl143it643pgpd8whwtpvyfjhtlm8f2','e30:1udB3b:CLjw4mg66MJ2NTzWLrb0tpDGZViCOMuLKn0NQCcQi0Q','2025-07-19 17:24:07.100008'),('7m7t241d6ojnq6ufgd1g55zbl4q036vk','.eJxVjEEOwiAQRe_C2pAyDAVcuvcMZGBAqoYmpV0Z765NutDtf-_9lwi0rTVsPS9hYnEWSpx-t0jpkdsO-E7tNss0t3WZotwVedAurzPn5-Vw_w4q9fqtMyP6Ygpp6wm1IwXGOZ3AoB1NKaAoa7CDUqNVHiFGZhtdQRyKBZ_F-wPJ6jcg:1uZALU:rEOako8Lexn9K6tVNgjC8lBr9-AMULR4vzL3u5JVjYY','2025-07-08 15:50:00.785000'),('7pa2mg12t2h7dikdf43i7o9dypbwhan8','e30:1uerLV:Z6SbihPnVIAyNpcSqCmAx9wa5hIYpOVaXIYTJeDPi2k','2025-07-24 08:45:33.308220'),('7x7689lwqveyikp422kahhcb12ttd2np','.eJxVjEEOwiAQRe_C2pAyDAVcuvcMZGBAqoYmpV0Z765NutDtf-_9lwi0rTVsPS9hYnEWSpx-t0jpkdsO-E7tNss0t3WZotwVedAurzPn5-Vw_w4q9fqtMyP6Ygpp6wm1IwXGOZ3AoB1NKaAoa7CDUqNVHiFGZhtdQRyKBZ_F-wPJ6jcg:1uf957:2FIMIsAaNRpFLQkV5zj2mpwhv3ihxfpn5-C7E3XkD_U','2025-07-25 03:41:49.085504'),('82m6spsa5dlyu9mc47cuyklq5qdlslv5','.eJxVjEEOwiAQRe_C2pAyDAVcuvcMZGBAqoYmpV0Z765NutDtf-_9lwi0rTVsPS9hYnEWSpx-t0jpkdsO-E7tNss0t3WZotwVedAurzPn5-Vw_w4q9fqtMyP6Ygpp6wm1IwXGOZ3AoB1NKaAoa7CDUqNVHiFGZhtdQRyKBZ_F-wPJ6jcg:1uc1ax:MgCHEilvOzhAL0wQAwXcnpozJyxwQngIuiTAM90fIyw','2025-07-16 13:05:47.063887'),('8wt1dplwt6eowod0rq7i7rr72tplebhj','.eJxVjEEOwiAQRe_C2pAyDAVcuvcMZGBAqoYmpV0Z765NutDtf-_9lwi0rTVsPS9hYnEWSpx-t0jpkdsO-E7tNss0t3WZotwVedAurzPn5-Vw_w4q9fqtMyP6Ygpp6wm1IwXGOZ3AoB1NKaAoa7CDUqNVHiFGZhtdQRyKBZ_F-wPJ6jcg:1uZ5AJ:hfWcVGpHQ1c7S2IBeJ39kWwu520elEPi5UMd0luRkNI','2025-07-08 10:18:07.300000'),('91ziv77z2bvp4enk58gnc8uuwz3uq6qr','.eJxVjEEOwiAQRe_C2pAyDAVcuvcMZGBAqoYmpV0Z765NutDtf-_9lwi0rTVsPS9hYnEWSpx-t0jpkdsO-E7tNss0t3WZotwVedAurzPn5-Vw_w4q9fqtMyP6Ygpp6wm1IwXGOZ3AoB1NKaAoa7CDUqNVHiFGZhtdQRyKBZ_F-wPJ6jcg:1ufBCD:9O-mOjICzPlf3CeH_pdP4FyG1bBQ7XNA1b2-72LLDiA','2025-07-25 05:57:17.305118'),('95t0f6b09fjq2inr5hjzox5dr86gk6uk','.eJxVjEEOwiAQRe_C2pAyDAVcuvcMZGBAqoYmpV0Z765NutDtf-_9lwi0rTVsPS9hYnEWSpx-t0jpkdsO-E7tNss0t3WZotwVedAurzPn5-Vw_w4q9fqtMyP6Ygpp6wm1IwXGOZ3AoB1NKaAoa7CDUqNVHiFGZhtdQRyKBZ_F-wPJ6jcg:1uZeZr:8LF9IaT2_HcY3oUdFfoFHKSoAeKbiGpLblix8IseMsg','2025-07-10 00:06:51.116521'),('9deqixd7dkc2fcpsmdrk7ih29i8b4wcw','.eJxVjEEOwiAQRe_C2pAyDAVcuvcMZGBAqoYmpV0Z765NutDtf-_9lwi0rTVsPS9hYnEWSpx-t0jpkdsO-E7tNss0t3WZotwVedAurzPn5-Vw_w4q9fqtMyP6Ygpp6wm1IwXGOZ3AoB1NKaAoa7CDUqNVHiFGZhtdQRyKBZ_F-wPJ6jcg:1uZtXO:e-p_m12XvjiaUtTUbf-f7hMo-c41ms2QDCxf8-LsMF0','2025-07-10 16:05:18.401695'),('9fa8lm7asgqsww65xkiyq02vkaze73l3','.eJxVjEEOwiAQRe_C2pAyDAVcuvcMZGBAqoYmpV0Z765NutDtf-_9lwi0rTVsPS9hYnEWSpx-t0jpkdsO-E7tNss0t3WZotwVedAurzPn5-Vw_w4q9fqtMyP6Ygpp6wm1IwXGOZ3AoB1NKaAoa7CDUqNVHiFGZhtdQRyKBZ_F-wPJ6jcg:1ugL4A:KOSeREBqRLjpe57j-8UqCpK074rRze8-GnyYTVX2Qr0','2025-07-28 10:41:46.233619'),('9kjnzii6dxklr7pc3yy31040ndoqfsk3','.eJxVjEEOwiAQRe_C2pAyDAVcuvcMZGBAqoYmpV0Z765NutDtf-_9lwi0rTVsPS9hYnEWSpx-t0jpkdsO-E7tNss0t3WZotwVedAurzPn5-Vw_w4q9fqtMyP6Ygpp6wm1IwXGOZ3AoB1NKaAoa7CDUqNVHiFGZhtdQRyKBZ_F-wPJ6jcg:1uZAS2:Mx1ZSEu85QtY5JXW6YTMxTQO6ZAVHMJJQKsOKraTD8Y','2025-07-08 15:56:46.298000'),('9p8r4kj3psasg9oyzyrvv8lijcd6s5rx','.eJxVjEEOwiAQRe_C2pAyDAVcuvcMZGBAqoYmpV0Z765NutDtf-_9lwi0rTVsPS9hYnEWSpx-t0jpkdsO-E7tNss0t3WZotwVedAurzPn5-Vw_w4q9fqtMyP6Ygpp6wm1IwXGOZ3AoB1NKaAoa7CDUqNVHiFGZhtdQRyKBZ_F-wPJ6jcg:1uf9m1:0S7ng0yLdj57f8N9xNiDIU6TtS0jXGDUuV233JC-7yA','2025-07-25 04:26:09.701594'),('9rdrau2sgcf9rj5nget00gi4hxxzhxl3','.eJxVjEEOwiAQRe_C2pAyDAVcuvcMZGBAqoYmpV0Z765NutDtf-_9lwi0rTVsPS9hYnEWSpx-t0jpkdsO-E7tNss0t3WZotwVedAurzPn5-Vw_w4q9fqtMyP6Ygpp6wm1IwXGOZ3AoB1NKaAoa7CDUqNVHiFGZhtdQRyKBZ_F-wPJ6jcg:1udR7G:rRqZgRLWZDQnE08-viTP4dK3OaVn1wjx-UMIPelGkkM','2025-07-20 10:32:58.624005'),('9zyq2ddw90vwvytoos63hz4iv3qbk3f3','.eJxVjEEOwiAQRe_C2pAyDAVcuvcMZGBAqoYmpV0Z765NutDtf-_9lwi0rTVsPS9hYnEWSpx-t0jpkdsO-E7tNss0t3WZotwVedAurzPn5-Vw_w4q9fqtMyP6Ygpp6wm1IwXGOZ3AoB1NKaAoa7CDUqNVHiFGZhtdQRyKBZ_F-wPJ6jcg:1uZpe5:VHIeRwM89qFYqE_PpqFA_F-qE7zCpsJ_wPK7Pk__hbY','2025-07-10 11:55:57.644948'),('a4nep7h5v1caiviyc8ica7zknok55mpd','e30:1uZcJk:x2mHziYXeGO0db4TOAeLkm58Rnv9e-XbDhbVKO4HrtU','2025-07-09 21:42:04.451000'),('a77na9buq9z9sb9wwnjvnvupr8pjwvk5','.eJxVjEEOwiAQRe_C2pAyDAVcuvcMZGBAqoYmpV0Z765NutDtf-_9lwi0rTVsPS9hYnEWSpx-t0jpkdsO-E7tNss0t3WZotwVedAurzPn5-Vw_w4q9fqtMyP6Ygpp6wm1IwXGOZ3AoB1NKaAoa7CDUqNVHiFGZhtdQRyKBZ_F-wPJ6jcg:1ud5nr:hW8AfUYG8_TxvDpBy-ST3Wb1yEUtWCTfnDprEkC8gjA','2025-07-19 11:47:31.867933'),('ajcevxz2ha4gu72iprym58xlfmyxbvi9','.eJxVjEEOwiAQRe_C2pAyDAVcuvcMZGBAqoYmpV0Z765NutDtf-_9lwi0rTVsPS9hYnEWSpx-t0jpkdsO-E7tNss0t3WZotwVedAurzPn5-Vw_w4q9fqtMyP6Ygpp6wm1IwXGOZ3AoB1NKaAoa7CDUqNVHiFGZhtdQRyKBZ_F-wPJ6jcg:1uewVu:j7DzCok2PjG9bJbHtQw2CbHxpf7LtFLLE7FTS_ndazk','2025-07-24 14:16:38.505636'),('awhbw16w2jz74xk82w2ox7901ouukxvz','.eJxVjEEOwiAQRe_C2pAyDAVcuvcMZGBAqoYmpV0Z765NutDtf-_9lwi0rTVsPS9hYnEWSpx-t0jpkdsO-E7tNss0t3WZotwVedAurzPn5-Vw_w4q9fqtMyP6Ygpp6wm1IwXGOZ3AoB1NKaAoa7CDUqNVHiFGZhtdQRyKBZ_F-wPJ6jcg:1ueKFe:Zr_kBgbCgq1ebU2wc1Uq5MXMP-EwXg1nVFeJJtjm1lE','2025-07-22 21:25:18.669078'),('bdvmy3j5z85zrvui8s5dezz9pn3s61g6','.eJxVjEEOwiAQRe_C2pAyDAVcuvcMZGBAqoYmpV0Z765NutDtf-_9lwi0rTVsPS9hYnEWSpx-t0jpkdsO-E7tNss0t3WZotwVedAurzPn5-Vw_w4q9fqtMyP6Ygpp6wm1IwXGOZ3AoB1NKaAoa7CDUqNVHiFGZhtdQRyKBZ_F-wPJ6jcg:1uZaX3:CSzfc22SFAWJghbR_3QUdYCfZTkztfveXRsO7cTtS1U','2025-07-09 19:47:41.621000'),('bfozwhk6mglmpgy84z756jklw6xs7jfk','.eJxVjEEOwiAQRe_C2pAyDAVcuvcMZGBAqoYmpV0Z765NutDtf-_9lwi0rTVsPS9hYnEWSpx-t0jpkdsO-E7tNss0t3WZotwVedAurzPn5-Vw_w4q9fqtMyP6Ygpp6wm1IwXGOZ3AoB1NKaAoa7CDUqNVHiFGZhtdQRyKBZ_F-wPJ6jcg:1udpzK:ssunKd9xdk0OHHO9J_zdNrXeEQ2T2fD9zPXqo2LrI2E','2025-07-21 13:06:26.295707'),('bnpaej7csv4yxykia0oqchlrbeos70ax','e30:1ufXnP:W8AG7gIczoKhkG0kdM6h6eDxIk9UMl1XLPuU7oNMqio','2025-07-26 06:05:11.141722'),('brx334oxkwm4ixx5at63yyexwe8fs8z7','.eJxVjEEOwiAQRe_C2pAyDAVcuvcMZGBAqoYmpV0Z765NutDtf-_9lwi0rTVsPS9hYnEWSpx-t0jpkdsO-E7tNss0t3WZotwVedAurzPn5-Vw_w4q9fqtMyP6Ygpp6wm1IwXGOZ3AoB1NKaAoa7CDUqNVHiFGZhtdQRyKBZ_F-wPJ6jcg:1uebCd:VKiw6XPePZWBitxLC8p365RGCoVjwrfbpDE9tk33PH8','2025-07-23 15:31:19.552993'),('bsg0b4pnjdx626qpn2l5kxixmg26dztf','.eJxVjEEOwiAQRe_C2pAyDAVcuvcMZGBAqoYmpV0Z765NutDtf-_9lwi0rTVsPS9hYnEWSpx-t0jpkdsO-E7tNss0t3WZotwVedAurzPn5-Vw_w4q9fqtMyP6Ygpp6wm1IwXGOZ3AoB1NKaAoa7CDUqNVHiFGZhtdQRyKBZ_F-wPJ6jcg:1uZdIV:x2hKLZQPqWfnnLI6TZ9IXE-n1a8wvJBXzSjxyvzWpn0','2025-07-09 22:44:51.764000'),('bu1ae7z1elocgznx4has0za5o2gqya5y','.eJxVjEEOwiAQRe_C2pAyDAVcuvcMZGBAqoYmpV0Z765NutDtf-_9lwi0rTVsPS9hYnEWSpx-t0jpkdsO-E7tNss0t3WZotwVedAurzPn5-Vw_w4q9fqtMyP6Ygpp6wm1IwXGOZ3AoB1NKaAoa7CDUqNVHiFGZhtdQRyKBZ_F-wPJ6jcg:1ufC8q:U2kf0nrMLz0LUZja3Ua3IRp-tsrnoeAJddluoJtM55U','2025-07-25 06:57:52.474539'),('bvx0galwgikkxfxhejzyzl2ddcc6luvc','.eJxVjLEOwyAQQ_-FuULJHRDo2D3fgLiDlLQVkUIyVf33EilDa3nys_0WPuxb9ntNq5-juAotLr8ZBX6mcoD4COW-SF7Kts4kj4o8aZXjEtPrdnb_DnKoua0hkgOaLDcDWw2kOquMIgKDCXhwAR2iHrjJdBhtj8QTR-i1UobF5wvugjgA:1ub0I2:n5R6vdse_YsylDKPMR7nihM0UxE7sXLjiLp5fxSsSoM','2025-07-13 17:30:02.935100'),('by7iyoqd3cfoousco552fugqds87grkm','.eJxVjEEOwiAQRe_C2pAyDAVcuvcMZGBAqoYmpV0Z765NutDtf-_9lwi0rTVsPS9hYnEWSpx-t0jpkdsO-E7tNss0t3WZotwVedAurzPn5-Vw_w4q9fqtMyP6Ygpp6wm1IwXGOZ3AoB1NKaAoa7CDUqNVHiFGZhtdQRyKBZ_F-wPJ6jcg:1ugJqh:6wIar39U4Un8NecWCz5T_WxKN0IAkUH5Slw6WA-naBo','2025-07-28 09:23:47.248934'),('bz2sgwj1tq402rwrtam8p7zbq10asawp','.eJxVjEEOwiAQRe_C2pAyDAVcuvcMZGBAqoYmpV0Z765NutDtf-_9lwi0rTVsPS9hYnEWSpx-t0jpkdsO-E7tNss0t3WZotwVedAurzPn5-Vw_w4q9fqtMyP6Ygpp6wm1IwXGOZ3AoB1NKaAoa7CDUqNVHiFGZhtdQRyKBZ_F-wPJ6jcg:1ufLY2:2nBcXSYH5wMxIUJVRe7NXP4aH_VkGSjagAHd0ysTqGs','2025-07-25 17:00:30.205878'),('c1owo6s7owgrxxphkzi2lkroyrdoja5g','.eJxVjEEOwiAQRe_C2pAyDAVcuvcMZGBAqoYmpV0Z765NutDtf-_9lwi0rTVsPS9hYnEWSpx-t0jpkdsO-E7tNss0t3WZotwVedAurzPn5-Vw_w4q9fqtMyP6Ygpp6wm1IwXGOZ3AoB1NKaAoa7CDUqNVHiFGZhtdQRyKBZ_F-wPJ6jcg:1uZe1a:le-O5SSBPw2b7_pcERUzTloxg8LJ4wm9imD5AoIt0vM','2025-07-09 23:31:26.670812'),('c32nrbyqe9rmkzp3dsd0t0cnki5zfabu','.eJxVjEEOwiAQRe_C2pAyDAVcuvcMZGBAqoYmpV0Z765NutDtf-_9lwi0rTVsPS9hYnEWSpx-t0jpkdsO-E7tNss0t3WZotwVedAurzPn5-Vw_w4q9fqtMyP6Ygpp6wm1IwXGOZ3AoB1NKaAoa7CDUqNVHiFGZhtdQRyKBZ_F-wPJ6jcg:1ueKml:wgjIBXxWc3eNtGdqJDBCpNm0naw8hrtQsJPDt9zgM2o','2025-07-22 21:59:31.849945'),('c9eosj82zwghl2m3n9tjf8qzlmofw7q8','.eJxVjEEOwiAQRe_C2pAyDAVcuvcMZGBAqoYmpV0Z765NutDtf-_9lwi0rTVsPS9hYnEWSpx-t0jpkdsO-E7tNss0t3WZotwVedAurzPn5-Vw_w4q9fqtMyP6Ygpp6wm1IwXGOZ3AoB1NKaAoa7CDUqNVHiFGZhtdQRyKBZ_F-wPJ6jcg:1uboXm:rhGi3Cr4oQtZPfjJx8UTW7c7czRx-Vhy8p1stmR0gIc','2025-07-15 23:09:38.890769'),('ch1enuqvq9meisb3xd0uossuonmv7cky','.eJxVjEEOwiAQRe_C2pAyDAVcuvcMZGBAqoYmpV0Z765NutDtf-_9lwi0rTVsPS9hYnEWSpx-t0jpkdsO-E7tNss0t3WZotwVedAurzPn5-Vw_w4q9fqtMyP6Ygpp6wm1IwXGOZ3AoB1NKaAoa7CDUqNVHiFGZhtdQRyKBZ_F-wPJ6jcg:1ueMiE:qC0T4Y6uTFOk1CUKKZLcc0nPeuQ7n9R6tkxbwx6yTpw','2025-07-23 00:02:58.060067'),('cvg4g4cs9hwbckjzvqrt5igk2xhnwq56','.eJxVjEEOwiAQRe_C2pAyDAVcuvcMZGBAqoYmpV0Z765NutDtf-_9lwi0rTVsPS9hYnEWSpx-t0jpkdsO-E7tNss0t3WZotwVedAurzPn5-Vw_w4q9fqtMyP6Ygpp6wm1IwXGOZ3AoB1NKaAoa7CDUqNVHiFGZhtdQRyKBZ_F-wPJ6jcg:1ufF4v:9BV3r0ORhxWawfqtUNAJodsUGoTb1DhE8Ozee5ekv6I','2025-07-25 10:06:01.288338'),('cwivh3jwrhycl5mnaxgsn0zpvvdagz2h','.eJxVjEEOwiAQRe_C2pAyDAVcuvcMZGBAqoYmpV0Z765NutDtf-_9lwi0rTVsPS9hYnEWSpx-t0jpkdsO-E7tNss0t3WZotwVedAurzPn5-Vw_w4q9fqtMyP6Ygpp6wm1IwXGOZ3AoB1NKaAoa7CDUqNVHiFGZhtdQRyKBZ_F-wPJ6jcg:1uZZ4V:XNRkU_1XFmisWT4kfn64l6wqkfbFJ8VMsJeDmaOjytY','2025-07-09 18:14:07.062000'),('d4jo63mddnokj1gsq0w7ud8i3jxp6dg3','.eJxVjEEOwiAQRe_C2pAyDAVcuvcMZGBAqoYmpV0Z765NutDtf-_9lwi0rTVsPS9hYnEWSpx-t0jpkdsO-E7tNss0t3WZotwVedAurzPn5-Vw_w4q9fqtMyP6Ygpp6wm1IwXGOZ3AoB1NKaAoa7CDUqNVHiFGZhtdQRyKBZ_F-wPJ6jcg:1uZNPO:3n2rkel51SLwvi8MS512cTXUUE9-AihBegpjMqj3030','2025-07-09 05:46:54.934000'),('d9kobvb4eep1gjm2uz2iif019aqxjlt1','.eJxVjEEOwiAQRe_C2pAyDAVcuvcMZGBAqoYmpV0Z765NutDtf-_9lwi0rTVsPS9hYnEWSpx-t0jpkdsO-E7tNss0t3WZotwVedAurzPn5-Vw_w4q9fqtMyP6Ygpp6wm1IwXGOZ3AoB1NKaAoa7CDUqNVHiFGZhtdQRyKBZ_F-wPJ6jcg:1ufXXn:qBuB8BS-7DEpxUhbx19f_T0naPT4Weoa5DgS90kYduU','2025-07-26 05:49:03.090983'),('dbaqos3t5erdvkedjf1roq62f9gw9zi8','.eJxVjEEOwiAQRe_C2pAyDAVcuvcMZGBAqoYmpV0Z765NutDtf-_9lwi0rTVsPS9hYnEWSpx-t0jpkdsO-E7tNss0t3WZotwVedAurzPn5-Vw_w4q9fqtMyP6Ygpp6wm1IwXGOZ3AoB1NKaAoa7CDUqNVHiFGZhtdQRyKBZ_F-wPJ6jcg:1ufaJz:BZWqVJZo28moT-s1iktgs_Ggw_IA_c1WJBu_mRoC-oU','2025-07-26 08:46:59.189511'),('dgeyp8hl64xv1k4bfvp0i1j13fgmg4zd','e30:1uZ8GI:nW0v7Co9RjbAaV0BYQJhQau1AUnAtH2L4nQcNmsyGkY','2025-07-08 13:36:30.985000'),('diwq5sq278d1eyk3g125pr0sla3srp1y','.eJxVjEEOwiAQRe_C2pAyDAVcuvcMZGBAqoYmpV0Z765NutDtf-_9lwi0rTVsPS9hYnEWSpx-t0jpkdsO-E7tNss0t3WZotwVedAurzPn5-Vw_w4q9fqtMyP6Ygpp6wm1IwXGOZ3AoB1NKaAoa7CDUqNVHiFGZhtdQRyKBZ_F-wPJ6jcg:1uZc1Y:EmpPn3Xw7SPNFyZsNOYFqjo8Erz2QCK53LbfzLEc0Fg','2025-07-09 21:23:16.345000'),('drkw1u43ckn3yx811i3h86mcljkugctn','.eJxVjEEOwiAQRe_C2pAyDAVcuvcMZGBAqoYmpV0Z765NutDtf-_9lwi0rTVsPS9hYnEWSpx-t0jpkdsO-E7tNss0t3WZotwVedAurzPn5-Vw_w4q9fqtMyP6Ygpp6wm1IwXGOZ3AoB1NKaAoa7CDUqNVHiFGZhtdQRyKBZ_F-wPJ6jcg:1uf9H8:PAYlXcJqo3iGo7a84xKjxJ9Iosy47p5YEoZ63dDI-KM','2025-07-25 03:54:14.818313'),('e76732xsjffbhir33o0418jrhjjpuije','.eJxVjEEOwiAQRe_C2pAyDAVcuvcMZGBAqoYmpV0Z765NutDtf-_9lwi0rTVsPS9hYnEWSpx-t0jpkdsO-E7tNss0t3WZotwVedAurzPn5-Vw_w4q9fqtMyP6Ygpp6wm1IwXGOZ3AoB1NKaAoa7CDUqNVHiFGZhtdQRyKBZ_F-wPJ6jcg:1ubndG:zbsaZW7VPzhEAkKfXmAUOeCIRaCF8K4gGEcGvy8rWRo','2025-07-15 22:11:14.874894'),('ein6emhtg7u52s9fct17gyts09jb4i4m','e30:1uaxlj:J3VcsjhBjMXCuropC4RASKJ5EQUMR5us0x_ooSLrvtU','2025-07-13 14:48:31.735051'),('ejjs6rgo10pu9jb0zmij46714fm1kgib','.eJxVjEEOwiAQRe_C2pAyDAVcuvcMZGBAqoYmpV0Z765NutDtf-_9lwi0rTVsPS9hYnEWSpx-t0jpkdsO-E7tNss0t3WZotwVedAurzPn5-Vw_w4q9fqtMyP6Ygpp6wm1IwXGOZ3AoB1NKaAoa7CDUqNVHiFGZhtdQRyKBZ_F-wPJ6jcg:1ucIY8:AkLB7HKEReIzli1OcaQsoWnQJ34tgbtOmFJLQWK9CUc','2025-07-17 07:12:00.910971'),('en7gdbu1ezqjg5h68g26ih904nnemer9','.eJxVjEEOwiAQRe_C2pAyDAVcuvcMZGBAqoYmpV0Z765NutDtf-_9lwi0rTVsPS9hYnEWSpx-t0jpkdsO-E7tNss0t3WZotwVedAurzPn5-Vw_w4q9fqtMyP6Ygpp6wm1IwXGOZ3AoB1NKaAoa7CDUqNVHiFGZhtdQRyKBZ_F-wPJ6jcg:1ucJOH:UB1y6gs3Ifmc7J1JZrGi2odn7_LbkSM-9jUhUQN0MUI','2025-07-17 08:05:53.032093'),('f63od4a0cmzcvfcvdbkq2ykbwyvikaoq','.eJxVjEEOwiAQRe_C2pAyDAVcuvcMZGBAqoYmpV0Z765NutDtf-_9lwi0rTVsPS9hYnEWSpx-t0jpkdsO-E7tNss0t3WZotwVedAurzPn5-Vw_w4q9fqtMyP6Ygpp6wm1IwXGOZ3AoB1NKaAoa7CDUqNVHiFGZhtdQRyKBZ_F-wPJ6jcg:1uf9Je:jLT932e3HMqQDv2gFnFxqy4FIZnvqbK3ej_5SRs7mVA','2025-07-25 03:56:50.596729'),('f7evfark11cg241w96p9fwgc6axa3ztd','.eJxVjEEOwiAQRe_C2pAyDAVcuvcMZGBAqoYmpV0Z765NutDtf-_9lwi0rTVsPS9hYnEWSpx-t0jpkdsO-E7tNss0t3WZotwVedAurzPn5-Vw_w4q9fqtMyP6Ygpp6wm1IwXGOZ3AoB1NKaAoa7CDUqNVHiFGZhtdQRyKBZ_F-wPJ6jcg:1ugHln:sCn37Xr2arPwYpYGdSXGeUnTvk8_FZUfPL02lwnFdOA','2025-07-28 07:10:35.048610'),('g3ohbx766hlp7vul2xty6yds87y492qy','.eJxVjEEOwiAQRe_C2pAyDAVcuvcMZGBAqoYmpV0Z765NutDtf-_9lwi0rTVsPS9hYnEWSpx-t0jpkdsO-E7tNss0t3WZotwVedAurzPn5-Vw_w4q9fqtMyP6Ygpp6wm1IwXGOZ3AoB1NKaAoa7CDUqNVHiFGZhtdQRyKBZ_F-wPJ6jcg:1ueXMK:HGieDLbqQhAjBR1wiDjUOfZurAw4oSu4mzXYYsL1bhk','2025-07-23 11:25:04.205838'),('gd7h8d6rusidx1nt17c3zh74wi6xibzr','e30:1uZleZ:tHT15lyIgdZqTooZb6O1l0kRFeSZ-LBpF-wc_GeaW4w','2025-07-10 07:40:11.189397'),('gh7afmsgih7lmno78b9igqw3tlo7c8dd','.eJxVjEEOwiAQRe_C2pAyDAVcuvcMZGBAqoYmpV0Z765NutDtf-_9lwi0rTVsPS9hYnEWSpx-t0jpkdsO-E7tNss0t3WZotwVedAurzPn5-Vw_w4q9fqtMyP6Ygpp6wm1IwXGOZ3AoB1NKaAoa7CDUqNVHiFGZhtdQRyKBZ_F-wPJ6jcg:1ubwUY:muTek3n-ziKTxTJWQH6TC-GpgzubH1eOse2Peo0dfuQ','2025-07-16 07:38:50.187166'),('glr4scunb63r27cyl7zyajr0uk3g2ylb','.eJxVjEEOwiAQRe_C2pAyDAVcuvcMZGBAqoYmpV0Z765NutDtf-_9lwi0rTVsPS9hYnEWSpx-t0jpkdsO-E7tNss0t3WZotwVedAurzPn5-Vw_w4q9fqtMyP6Ygpp6wm1IwXGOZ3AoB1NKaAoa7CDUqNVHiFGZhtdQRyKBZ_F-wPJ6jcg:1udaYf:gHZZUWcRDGpfrmZ7p2stGsQZDC36Iq7NWWTOj-rmFvY','2025-07-20 20:37:53.816646'),('gmsct8xhyz67ocl1pjqmaegil1puyyup','.eJxVjEEOwiAQRe_C2pAyDAVcuvcMZGBAqoYmpV0Z765NutDtf-_9lwi0rTVsPS9hYnEWSpx-t0jpkdsO-E7tNss0t3WZotwVedAurzPn5-Vw_w4q9fqtMyP6Ygpp6wm1IwXGOZ3AoB1NKaAoa7CDUqNVHiFGZhtdQRyKBZ_F-wPJ6jcg:1ufBuw:t9O0yDbuzrk2fmIJSaWzqsVQAAyw398Js6pG4_pw6yY','2025-07-25 06:43:30.640701'),('gtp02pb6v56trdqtjf4y1d9i3im3jgtk','.eJxVjEEOwiAQRe_C2pAyDAVcuvcMZGBAqoYmpV0Z765NutDtf-_9lwi0rTVsPS9hYnEWSpx-t0jpkdsO-E7tNss0t3WZotwVedAurzPn5-Vw_w4q9fqtMyP6Ygpp6wm1IwXGOZ3AoB1NKaAoa7CDUqNVHiFGZhtdQRyKBZ_F-wPJ6jcg:1uesiy:tSFYcNxdVfUi5NlKzKRdFkOqpE7Yx14vYUWv23B4tfQ','2025-07-24 10:13:52.980505'),('h23n1ejk9isss3u5gxo9be4miml8iq25','.eJxVjEEOwiAQRe_C2pAyDAVcuvcMZGBAqoYmpV0Z765NutDtf-_9lwi0rTVsPS9hYnEWSpx-t0jpkdsO-E7tNss0t3WZotwVedAurzPn5-Vw_w4q9fqtMyP6Ygpp6wm1IwXGOZ3AoB1NKaAoa7CDUqNVHiFGZhtdQRyKBZ_F-wPJ6jcg:1ufBUR:JsU2koxG82fiKV6tapvza7g01hzTMx705NWBfrFmH3Q','2025-07-25 06:16:07.582486'),('h5m2utz12lum9yxvp9w9o8yu7d5lgiy3','.eJxVjEEOwiAQRe_C2pAyDAVcuvcMZGBAqoYmpV0Z765NutDtf-_9lwi0rTVsPS9hYnEWSpx-t0jpkdsO-E7tNss0t3WZotwVedAurzPn5-Vw_w4q9fqtMyP6Ygpp6wm1IwXGOZ3AoB1NKaAoa7CDUqNVHiFGZhtdQRyKBZ_F-wPJ6jcg:1udWrf:8MmqEUPxzUGegCKCZ-8LMuZP64wuqVDX2oYLdXmkODY','2025-07-20 16:41:15.233361'),('hhkzu3kr76oou95cqeqeiot0eh419qi1','.eJxVjEEOwiAQRe_C2pAyDAVcuvcMZGBAqoYmpV0Z765NutDtf-_9lwi0rTVsPS9hYnEWSpx-t0jpkdsO-E7tNss0t3WZotwVedAurzPn5-Vw_w4q9fqtMyP6Ygpp6wm1IwXGOZ3AoB1NKaAoa7CDUqNVHiFGZhtdQRyKBZ_F-wPJ6jcg:1ud9Vz:4lTzAco0TM43olF-MYdINYCQ3JvFEpM0Joy6YDqiikM','2025-07-19 15:45:19.689233'),('hqnpv0iecgx53bel6x15ir50d2iczk5q','e30:1ubakb:KtKx6eYemVPrPVfQVvTk-xykIgXOvu0nYSbV8jms6Jk','2025-07-15 08:25:57.883230'),('i4e3dwuzsxjd8chbj8mvnsoe7ffijjnf','e30:1ucgUg:TUejvZhEgHTM-hNWG-2sjmf2XSZJquLbxiDYNCBHn_4','2025-07-18 08:46:02.771250'),('i4gyii37ukedvyhk348zgylyr0mop662','.eJxVjEEOwiAQRe_C2pAyDAVcuvcMZGBAqoYmpV0Z765NutDtf-_9lwi0rTVsPS9hYnEWSpx-t0jpkdsO-E7tNss0t3WZotwVedAurzPn5-Vw_w4q9fqtMyP6Ygpp6wm1IwXGOZ3AoB1NKaAoa7CDUqNVHiFGZhtdQRyKBZ_F-wPJ6jcg:1ufEy8:MUPr5ZNrNPrMwJ0i5BpBAKm6nsEddp7cl_tjG5nmZZw','2025-07-25 09:59:00.258711'),('i8wj39fe5l15dbfplqnk3oy0bo8e17xn','e30:1ugLYQ:8k7O5-8xsEFSodKLNvnPt5uuK0W2jYhs2uYoTxRDR7Y','2025-07-28 11:13:02.187304'),('ib7xuce3d12rver9bqej5k5a5gkpadmb','.eJxVjEEOwiAQRe_C2pAyDAVcuvcMZGBAqoYmpV0Z765NutDtf-_9lwi0rTVsPS9hYnEWSpx-t0jpkdsO-E7tNss0t3WZotwVedAurzPn5-Vw_w4q9fqtMyP6Ygpp6wm1IwXGOZ3AoB1NKaAoa7CDUqNVHiFGZhtdQRyKBZ_F-wPJ6jcg:1ufYkA:s5m1o5wCzWs1kUAdbeGhKaJYlaprgWyoGFSTtoRY1rI','2025-07-26 07:05:54.742381'),('ibstgxyodg5mnrsyztw6wwyzh3600j88','.eJxVjEEOwiAQRe_C2pAyDAVcuvcMZGBAqoYmpV0Z765NutDtf-_9lwi0rTVsPS9hYnEWSpx-t0jpkdsO-E7tNss0t3WZotwVedAurzPn5-Vw_w4q9fqtMyP6Ygpp6wm1IwXGOZ3AoB1NKaAoa7CDUqNVHiFGZhtdQRyKBZ_F-wPJ6jcg:1uf8Vx:Mf6-n7VVScoZ4XR7pvcfBCsdga88KQTggjE2eOxm2-U','2025-07-25 03:05:29.453150'),('ijevxjexql3d68sysxcy725a0fy8m3c0','.eJxVjEEOwiAQRe_C2pAyDAVcuvcMZGBAqoYmpV0Z765NutDtf-_9lwi0rTVsPS9hYnEWSpx-t0jpkdsO-E7tNss0t3WZotwVedAurzPn5-Vw_w4q9fqtMyP6Ygpp6wm1IwXGOZ3AoB1NKaAoa7CDUqNVHiFGZhtdQRyKBZ_F-wPJ6jcg:1uZGGS:S_QZFHIJ5k1xsnO5Or4OzppSN9p-2PID_OCfedWUOfk','2025-07-08 22:09:12.377000'),('itju4zpl2qazyz75isf4xcsuoky68csf','.eJxVjEEOwiAQRe_C2pAyDAVcuvcMZGBAqoYmpV0Z765NutDtf-_9lwi0rTVsPS9hYnEWSpx-t0jpkdsO-E7tNss0t3WZotwVedAurzPn5-Vw_w4q9fqtMyP6Ygpp6wm1IwXGOZ3AoB1NKaAoa7CDUqNVHiFGZhtdQRyKBZ_F-wPJ6jcg:1uZ7RO:GeO5wsREO15QVuyLDICNcUnoeDYRbw9H8-U1YzxgTHY','2025-07-08 12:43:54.494000'),('izmpbh7ixeh3f8vtf6harhglcxwpscj3','.eJxVjEEOwiAQRe_C2pAyDAVcuvcMZGBAqoYmpV0Z765NutDtf-_9lwi0rTVsPS9hYnEWSpx-t0jpkdsO-E7tNss0t3WZotwVedAurzPn5-Vw_w4q9fqtMyP6Ygpp6wm1IwXGOZ3AoB1NKaAoa7CDUqNVHiFGZhtdQRyKBZ_F-wPJ6jcg:1ubvg3:-mGr56sDdSrUMHtrsxybLTuGjLY9leTF4EzOv3I0Ojc','2025-07-16 06:46:39.912098'),('j7gqj3rsrp0p81e5mpz0b4d7qf4bt2a9','.eJxVjEEOwiAQRe_C2pAyDAVcuvcMZGBAqoYmpV0Z765NutDtf-_9lwi0rTVsPS9hYnEWSpx-t0jpkdsO-E7tNss0t3WZotwVedAurzPn5-Vw_w4q9fqtMyP6Ygpp6wm1IwXGOZ3AoB1NKaAoa7CDUqNVHiFGZhtdQRyKBZ_F-wPJ6jcg:1ufB3a:w-907UzKoGW7d6V-ediXTh7EzJ711TEcXSTnqCGu5yc','2025-07-25 05:48:22.398794'),('jcvwxvzocjuknpbkq9fxq1zt01m7wult','e30:1uebe3:2h_An2XVNzuNsjkTYtwOeByCyZvhoAnagWfzOJfYXjU','2025-07-23 15:59:39.994135'),('jdyymmlclxe3pse0e4x3ole26p8p2kyr','e30:1udRMt:nhy9_Zmx21JObnChDB0PLi1C7v6z-WS2GPJwymptXKA','2025-07-20 10:49:07.193958'),('jt6dxv8wd2c14o9djqrvp1jaz48hgq94','.eJxVjEEOwiAQRe_C2pAyDAVcuvcMZGBAqoYmpV0Z765NutDtf-_9lwi0rTVsPS9hYnEWSpx-t0jpkdsO-E7tNss0t3WZotwVedAurzPn5-Vw_w4q9fqtMyP6Ygpp6wm1IwXGOZ3AoB1NKaAoa7CDUqNVHiFGZhtdQRyKBZ_F-wPJ6jcg:1uaEWw:p25ZsXoz-NpBz3_M_5BaZGZBiFQmva_kYRaZ4kCYlYM','2025-07-11 14:30:14.898190'),('jz5ii499qb3hdwmvtgxzqxj5j9ycu5iu','.eJxVjEEOwiAQRe_C2pAyDAVcuvcMZGBAqoYmpV0Z765NutDtf-_9lwi0rTVsPS9hYnEWSpx-t0jpkdsO-E7tNss0t3WZotwVedAurzPn5-Vw_w4q9fqtMyP6Ygpp6wm1IwXGOZ3AoB1NKaAoa7CDUqNVHiFGZhtdQRyKBZ_F-wPJ6jcg:1ufESR:kc990PmJ99tHlsYXMOCelnCWrPBoEi_TvmLibYWB9fg','2025-07-25 09:26:15.313928'),('jzcn9dk74txnhekyhj4w3ui59zdne2j7','.eJxVjEEOwiAQRe_C2pAyDAVcuvcMZGBAqoYmpV0Z765NutDtf-_9lwi0rTVsPS9hYnEWSpx-t0jpkdsO-E7tNss0t3WZotwVedAurzPn5-Vw_w4q9fqtMyP6Ygpp6wm1IwXGOZ3AoB1NKaAoa7CDUqNVHiFGZhtdQRyKBZ_F-wPJ6jcg:1uf9oF:bLC_Ku_OeTk1CfP6q5pS6A6MY5ilNlFHX9MQDqrvCo0','2025-07-25 04:28:27.115160'),('k2veeal5qum7cc7sh42kqix0rbsx5bm9','.eJxVjEEOwiAQRe_C2pAyDAVcuvcMZGBAqoYmpV0Z765NutDtf-_9lwi0rTVsPS9hYnEWSpx-t0jpkdsO-E7tNss0t3WZotwVedAurzPn5-Vw_w4q9fqtMyP6Ygpp6wm1IwXGOZ3AoB1NKaAoa7CDUqNVHiFGZhtdQRyKBZ_F-wPJ6jcg:1ucUNQ:qjLiNY_OVimGYMGXLv_--piANBn-EdD2bmX9MOiUHDU','2025-07-17 19:49:44.692580'),('k4va9qzelq5ioauyxyfl2xn8n9wcdqwe','.eJxVjEEOwiAQRe_C2pAyDAVcuvcMZGBAqoYmpV0Z765NutDtf-_9lwi0rTVsPS9hYnEWSpx-t0jpkdsO-E7tNss0t3WZotwVedAurzPn5-Vw_w4q9fqtMyP6Ygpp6wm1IwXGOZ3AoB1NKaAoa7CDUqNVHiFGZhtdQRyKBZ_F-wPJ6jcg:1ufL1R:oaXVvgUmi1KEO3IB_OjxF8Ia3Xw0yQCWOJrgrFqvzQ0','2025-07-25 16:26:49.361182'),('kcc0hyt02ycrhnsjmow6y4ro7jkyofgk','.eJxVjEEOgjAQRe_StWmmQ6FTl-49A-nMFEFNSSisjHdXEha6_e-9_zJ92tax32pe-knN2QRz-t04ySOXHeg9ldtsZS7rMrHdFXvQaq-z5uflcP8OxlTHb82q3oO0DVGLDiQCYiINGkmcBKJM2EGDGWBwfgjIwC2ypsjRda4z7w_JkDcM:1uepeF:Hs1XydsnsjJCpcoWhigq2-29F_NAp1buV48A7ot9VQw','2025-07-24 06:56:47.091261'),('kcid5e0i2hmb7x94zenmq5ce6w8dc0s9','.eJxVjEEOwiAQRe_C2pAyDAVcuvcMZGBAqoYmpV0Z765NutDtf-_9lwi0rTVsPS9hYnEWSpx-t0jpkdsO-E7tNss0t3WZotwVedAurzPn5-Vw_w4q9fqtMyP6Ygpp6wm1IwXGOZ3AoB1NKaAoa7CDUqNVHiFGZhtdQRyKBZ_F-wPJ6jcg:1ufdlN:nImrwlaOo7odN3bp0kIQBuR53LW1yFFXuAYRYmqIpQg','2025-07-26 12:27:29.699593'),('kcplguq6j754zpjekjdbrjvserxkxdgx','.eJxVjEEOwiAQRe_C2pAyDAVcuvcMZGBAqoYmpV0Z765NutDtf-_9lwi0rTVsPS9hYnEWSpx-t0jpkdsO-E7tNss0t3WZotwVedAurzPn5-Vw_w4q9fqtMyP6Ygpp6wm1IwXGOZ3AoB1NKaAoa7CDUqNVHiFGZhtdQRyKBZ_F-wPJ6jcg:1uZq7k:XUEQD-n0HOuKZiXHeILDSY2etmms0JRlkU53evyPC-k','2025-07-10 12:26:36.464735'),('kq7jpsh5d9r7s7z0o50p2ft5oitpx9fj','.eJxVjEEOwiAQRe_C2pAyDAVcuvcMZGBAqoYmpV0Z765NutDtf-_9lwi0rTVsPS9hYnEWSpx-t0jpkdsO-E7tNss0t3WZotwVedAurzPn5-Vw_w4q9fqtMyP6Ygpp6wm1IwXGOZ3AoB1NKaAoa7CDUqNVHiFGZhtdQRyKBZ_F-wPJ6jcg:1ufB9o:F1oGC_d51sXrFQHrrQO81faXqKr85EBPaWW6FhEcC8o','2025-07-25 05:54:48.099607'),('krl1izxs4mkke010spfo2xky5fq2pa73','.eJxVjEEOwiAQRe_C2pAyDAVcuvcMZGBAqoYmpV0Z765NutDtf-_9lwi0rTVsPS9hYnEWSpx-t0jpkdsO-E7tNss0t3WZotwVedAurzPn5-Vw_w4q9fqtMyP6Ygpp6wm1IwXGOZ3AoB1NKaAoa7CDUqNVHiFGZhtdQRyKBZ_F-wPJ6jcg:1uevk5:ekAYEI3SIWR08plFfBiBct8-nVfdDbxDEyF6eBQN_68','2025-07-24 13:27:13.569326'),('ky9kntjn63x4o8wf5v653o6ne7ipzlsa','e30:1ugK70:ai0ICS8moWGF1ZFpeDHdq3-TckDAAKu1mDnACAOSO3Q','2025-07-28 09:40:38.169970'),('kzib8ibdl726658j2ivsotaa6kfvmykp','.eJxVjEEOwiAQRe_C2pAyDAVcuvcMZGBAqoYmpV0Z765NutDtf-_9lwi0rTVsPS9hYnEWSpx-t0jpkdsO-E7tNss0t3WZotwVedAurzPn5-Vw_w4q9fqtMyP6Ygpp6wm1IwXGOZ3AoB1NKaAoa7CDUqNVHiFGZhtdQRyKBZ_F-wPJ6jcg:1ufZ4O:Ag1L1XCcOykjSZt3hLpw3AHyjmSX1xh3Jflh25ra-Vo','2025-07-26 07:26:48.423128'),('l3jankyled8xfmx8urclwemofhsfpq2e','.eJxVjEEOwiAQRe_C2pAyDAVcuvcMZGBAqoYmpV0Z765NutDtf-_9lwi0rTVsPS9hYnEWSpx-t0jpkdsO-E7tNss0t3WZotwVedAurzPn5-Vw_w4q9fqtMyP6Ygpp6wm1IwXGOZ3AoB1NKaAoa7CDUqNVHiFGZhtdQRyKBZ_F-wPJ6jcg:1ufhCu:MPamTWogOa5KE_qIxSDAN24AnFBpWJNuZY0i1o4PQDg','2025-07-26 16:08:08.179872'),('leuoio91bhtkkrfx2ztuzp2dafuwk65e','e30:1uZoe5:NdWzOvSEtAzrH4u3j0HUxye9KHhWS8v8wULsCQ9bNeY','2025-07-10 10:51:53.477793'),('lgq0f3s461tyx34nht2edkkkkgf14zqm','.eJxVjEEOwiAQRe_C2pAyDAVcuvcMZGBAqoYmpV0Z765NutDtf-_9lwi0rTVsPS9hYnEWSpx-t0jpkdsO-E7tNss0t3WZotwVedAurzPn5-Vw_w4q9fqtMyP6Ygpp6wm1IwXGOZ3AoB1NKaAoa7CDUqNVHiFGZhtdQRyKBZ_F-wPJ6jcg:1ubHeH:wZgbPD9w19ZMqiqbL2BRlja4nD6Bn5qj8iOleNNC9c0','2025-07-14 12:02:09.724786'),('lsj71642vvdd43evqqgkzeb24ruuw8qc','e30:1uZnKQ:KgxEqzIsbfoopoYiLhYJIxx8hqrAuGEHzFdoYpEgSIY','2025-07-10 09:27:30.173283'),('lyal3ak9ekjwhjibnacbnqk6sfgk2x2g','.eJxVjEEOwiAQRe_C2pAyDAVcuvcMZGBAqoYmpV0Z765NutDtf-_9lwi0rTVsPS9hYnEWSpx-t0jpkdsO-E7tNss0t3WZotwVedAurzPn5-Vw_w4q9fqtMyP6Ygpp6wm1IwXGOZ3AoB1NKaAoa7CDUqNVHiFGZhtdQRyKBZ_F-wPJ6jcg:1uabEQ:5NJ44eVfh9l80WCdeXcS0ZdiUW17vZUQc7TyZ37_juQ','2025-07-12 14:44:38.914230'),('lzlkrift3utem9qnu34ff0v6ttx9ux6m','.eJxVjEEOwiAQRe_C2pAyDAVcuvcMZGBAqoYmpV0Z765NutDtf-_9lwi0rTVsPS9hYnEWSpx-t0jpkdsO-E7tNss0t3WZotwVedAurzPn5-Vw_w4q9fqtMyP6Ygpp6wm1IwXGOZ3AoB1NKaAoa7CDUqNVHiFGZhtdQRyKBZ_F-wPJ6jcg:1ubx1Z:p-WjWOC_x8QgjUYOytSjQ0ZTHgRcV4ta0vSE74PP0GA','2025-07-16 08:12:57.169716'),('mchjod859wcx2fuw21b6o3t71qm99m4c','e30:1uZkaD:_w5nA5_t6d952zQPLAXgkDfnLETC6ZUDdlZDMADkO6o','2025-07-10 06:31:37.836731'),('mgk19llmgg1e0j0hh8znrsogm500cnoc','.eJxVjEEOwiAQRe_C2pAyDAVcuvcMZGBAqoYmpV0Z765NutDtf-_9lwi0rTVsPS9hYnEWSpx-t0jpkdsO-E7tNss0t3WZotwVedAurzPn5-Vw_w4q9fqtMyP6Ygpp6wm1IwXGOZ3AoB1NKaAoa7CDUqNVHiFGZhtdQRyKBZ_F-wPJ6jcg:1udF3B:qVv07fHyUrX3QDxD5a30EggPRcvVlAxyGBILEQ1THw0','2025-07-19 21:39:57.145398'),('mhbdgnb2q6ieprumskum4brqqlhqe4yw','.eJxVjEEOwiAQRe_C2pAyDAVcuvcMZGBAqoYmpV0Z765NutDtf-_9lwi0rTVsPS9hYnEWSpx-t0jpkdsO-E7tNss0t3WZotwVedAurzPn5-Vw_w4q9fqtMyP6Ygpp6wm1IwXGOZ3AoB1NKaAoa7CDUqNVHiFGZhtdQRyKBZ_F-wPJ6jcg:1udqFl:hr45bVvFRJ-CVJQNGZV_GjZyHPba7SpiPbxlD_cnJHM','2025-07-21 13:23:25.763002'),('mlrlf4bg9fns6xtb9b7k2z791mnp16ql','e30:1uZ2q2:sHX_SMoooZHx_wHIhYws_4qfnYf6c4oPwStIIvJlSFw','2025-07-08 07:49:02.020000'),('mnxacd2whye3j9ff97x2ib5v2hq664d1','.eJxVjEEOwiAQRe_C2pAyDAVcuvcMZGBAqoYmpV0Z765NutDtf-_9lwi0rTVsPS9hYnEWSpx-t0jpkdsO-E7tNss0t3WZotwVedAurzPn5-Vw_w4q9fqtMyP6Ygpp6wm1IwXGOZ3AoB1NKaAoa7CDUqNVHiFGZhtdQRyKBZ_F-wPJ6jcg:1uZ6Lz:CVfDVprPl0wLbPqIPQI61IACvw5oUolNp4l4NIDKGuY','2025-07-08 11:34:15.595000'),('mvijaf93sfce4cwachwpcpk2uo127g2x','.eJxVjEEOwiAQRe_C2pAyDAVcuvcMZGBAqoYmpV0Z765NutDtf-_9lwi0rTVsPS9hYnEWSpx-t0jpkdsO-E7tNss0t3WZotwVedAurzPn5-Vw_w4q9fqtMyP6Ygpp6wm1IwXGOZ3AoB1NKaAoa7CDUqNVHiFGZhtdQRyKBZ_F-wPJ6jcg:1uaxPB:1QfQr5pQpX1HnVgsy_u-uPbIAe8HaUKgUaU9YqHzfvc','2025-07-13 14:25:13.921008'),('mx6oh2j1u0p7wu7jg7qg9qqqftq1yq4n','e30:1udctG:rcp0AgfQtAj4ZRJbqTlHiKUQgtHnzh9vYK19z3aNuVA','2025-07-20 23:07:18.208549'),('n3fwneyuskzv32o16f41l5u6sgicu5jf','e30:1uZNef:vMnp2AXQzVatH0hn6sZg6-r6sZX_IxIOML4JUJ6Dvl0','2025-07-09 06:02:41.436000'),('n52wiapjk1rm8tfdiisfknqgw2rb5njl','.eJxVjEEOwiAQRe_C2pAyDAVcuvcMZGBAqoYmpV0Z765NutDtf-_9lwi0rTVsPS9hYnEWSpx-t0jpkdsO-E7tNss0t3WZotwVedAurzPn5-Vw_w4q9fqtMyP6Ygpp6wm1IwXGOZ3AoB1NKaAoa7CDUqNVHiFGZhtdQRyKBZ_F-wPJ6jcg:1uZVSI:lwNa5XOI8LloegQKfJuhr8TtSCtHNlCrZQhXFoL_W0Y','2025-07-09 14:22:26.525000'),('negp2xsfc4ygbittdzhs7f3zkd06vbru','.eJxVjEEOwiAQRe_C2pAyDAVcuvcMZGBAqoYmpV0Z765NutDtf-_9lwi0rTVsPS9hYnEWSpx-t0jpkdsO-E7tNss0t3WZotwVedAurzPn5-Vw_w4q9fqtMyP6Ygpp6wm1IwXGOZ3AoB1NKaAoa7CDUqNVHiFGZhtdQRyKBZ_F-wPJ6jcg:1uYv2M:T5Lc_kMoRzSNdTi3YkurFnUDJ4S5euwE18hXlza7Mtc','2025-07-07 23:29:14.786000'),('nhl00sqpugqpdn9j6ozseftke4oklx3e','.eJxVjEEOwiAQRe_C2pAyDAVcuvcMZGBAqoYmpV0Z765NutDtf-_9lwi0rTVsPS9hYnEWSpx-t0jpkdsO-E7tNss0t3WZotwVedAurzPn5-Vw_w4q9fqtMyP6Ygpp6wm1IwXGOZ3AoB1NKaAoa7CDUqNVHiFGZhtdQRyKBZ_F-wPJ6jcg:1uZAQD:dcYfTBRli3NBvoo55qet55iyJSJVu5cbLZx3PtUSu54','2025-07-08 15:54:53.972000'),('ntdxh2p8fn1onh5t2x3j6qct7adjtuic','.eJxVjEEOwiAQRe_C2pAyDAVcuvcMZGBAqoYmpV0Z765NutDtf-_9lwi0rTVsPS9hYnEWSpx-t0jpkdsO-E7tNss0t3WZotwVedAurzPn5-Vw_w4q9fqtMyP6Ygpp6wm1IwXGOZ3AoB1NKaAoa7CDUqNVHiFGZhtdQRyKBZ_F-wPJ6jcg:1ueChy:_ITFnMx6gLZt5ieB_E-lRVWAAvcpW3ieP4pFCIOe5Zc','2025-07-22 13:22:02.875989'),('o3z20pn2vcerw7knutyeornt9nn46rrv','.eJxVjEEOwiAQRe_C2pAyDAVcuvcMZGBAqoYmpV0Z765NutDtf-_9lwi0rTVsPS9hYnEWSpx-t0jpkdsO-E7tNss0t3WZotwVedAurzPn5-Vw_w4q9fqtMyP6Ygpp6wm1IwXGOZ3AoB1NKaAoa7CDUqNVHiFGZhtdQRyKBZ_F-wPJ6jcg:1udcej:AijqBth99AMT5wUc1iExO4et_lyV224aTxWUbdMGtlM','2025-07-20 22:52:17.725024'),('ob8bhy245yhmpteo9eprbbv7i2e0qo5y','e30:1ufhRR:meZD9TbaSZQiDYijRlj-oS64HwM5fwhquLa4nBENlnI','2025-07-26 16:23:09.315784'),('osnzsba6u692upcfo95z71lt5u6yja7q','.eJxVjEEOwiAQRe_C2pAyDAVcuvcMZGBAqoYmpV0Z765NutDtf-_9lwi0rTVsPS9hYnEWSpx-t0jpkdsO-E7tNss0t3WZotwVedAurzPn5-Vw_w4q9fqtMyP6Ygpp6wm1IwXGOZ3AoB1NKaAoa7CDUqNVHiFGZhtdQRyKBZ_F-wPJ6jcg:1uczaG:OXfn29BLC6zsQMsDtmxXjAjHdEnRrOytm2yIB_l2u4M','2025-07-19 05:09:04.297978'),('otjutujcq656g5y8rt89ab7dl9y622yy','.eJxVjEEOwiAQRe_C2pAyDAVcuvcMZGBAqoYmpV0Z765NutDtf-_9lwi0rTVsPS9hYnEWSpx-t0jpkdsO-E7tNss0t3WZotwVedAurzPn5-Vw_w4q9fqtMyP6Ygpp6wm1IwXGOZ3AoB1NKaAoa7CDUqNVHiFGZhtdQRyKBZ_F-wPJ6jcg:1uZ80L:kjyiARMUWEH-8mdob8Bh9UfNH1oa7LMYmYrEyryHjic','2025-07-08 13:20:01.933000'),('owbhly039mqa6jcmctt46rmbr7fp8d2w','.eJxVjEEOwiAQRe_C2pAyDAVcuvcMZGBAqoYmpV0Z765NutDtf-_9lwi0rTVsPS9hYnEWSpx-t0jpkdsO-E7tNss0t3WZotwVedAurzPn5-Vw_w4q9fqtMyP6Ygpp6wm1IwXGOZ3AoB1NKaAoa7CDUqNVHiFGZhtdQRyKBZ_F-wPJ6jcg:1ubL5d:DkqtIXWKcaOcftpn12qGOmWuqkheRlMVyFqZEbpfVvo','2025-07-14 15:42:37.131774'),('pg8klw4oc0z3palpagb4ht81uhq39zne','.eJxVjEEOwiAQRe_C2pAyDAVcuvcMZGBAqoYmpV0Z765NutDtf-_9lwi0rTVsPS9hYnEWSpx-t0jpkdsO-E7tNss0t3WZotwVedAurzPn5-Vw_w4q9fqtMyP6Ygpp6wm1IwXGOZ3AoB1NKaAoa7CDUqNVHiFGZhtdQRyKBZ_F-wPJ6jcg:1uYvHi:P_1ouIIo_K_OTgv1nrCY-XwQf8Esw_1c2c-RZ9Tbutg','2025-07-07 23:45:06.318000'),('q67jabbh3k83kz9lfo51ub5qt9m55o5w','.eJxVjEEOwiAQRe_C2pAyDAVcuvcMZGBAqoYmpV0Z765NutDtf-_9lwi0rTVsPS9hYnEWSpx-t0jpkdsO-E7tNss0t3WZotwVedAurzPn5-Vw_w4q9fqtMyP6Ygpp6wm1IwXGOZ3AoB1NKaAoa7CDUqNVHiFGZhtdQRyKBZ_F-wPJ6jcg:1udpj9:2PunhRvpqC3ccdV0DfKbMvhQZpHel4nihPfWikK-tg0','2025-07-21 12:49:43.313822'),('q8nq7eu7f59comukxvug6v5ng19wjs7m','e30:1uewtI:_se9I1UZ9VVc4og8INKeUdCsZHXgAEZNhJjFoM45PXI','2025-07-24 14:40:48.883589'),('qni26w94ezsmooj3e3or15xm9wnsarjj','e30:1udn3J:onQw0c7fW0Hw__2dokMoZ0poJ_w2dF7AxNMxvp4wl40','2025-07-21 09:58:21.067295'),('qvein6gfcifi4zs4dx0937q177jhzd02','.eJxVjEEOwiAQRe_C2pAyDAVcuvcMZGBAqoYmpV0Z765NutDtf-_9lwi0rTVsPS9hYnEWSpx-t0jpkdsO-E7tNss0t3WZotwVedAurzPn5-Vw_w4q9fqtMyP6Ygpp6wm1IwXGOZ3AoB1NKaAoa7CDUqNVHiFGZhtdQRyKBZ_F-wPJ6jcg:1ufezz:Zt8pD26TOVZ7scxJDDs80O_vXbfuRdD2m9zeFemhxIM','2025-07-26 13:46:39.263862'),('r6ifto3mlvllq6igign3ctwq5steix1o','e30:1ubBTr:WnUg58RcqGiEfFEb7LifiWDYxz4Uo9fV1_0aTjS-xgU','2025-07-14 05:26:59.444366'),('r8bbbjnzhit7t5gmtresof2v8xkrwjcs','.eJxVjEEOwiAQRe_C2pAyDAVcuvcMZGBAqoYmpV0Z765NutDtf-_9lwi0rTVsPS9hYnEWSpx-t0jpkdsO-E7tNss0t3WZotwVedAurzPn5-Vw_w4q9fqtMyP6Ygpp6wm1IwXGOZ3AoB1NKaAoa7CDUqNVHiFGZhtdQRyKBZ_F-wPJ6jcg:1ubaVN:y7vSSRS531mQItIBmZgzfIv9DOZpy6R9KdYe0QbU7nw','2025-07-15 08:10:13.496127'),('rdrcrp0ne1q2bvciu3w0iu9t4cam58zk','.eJxVjMsOwiAQRf-FtSHQzhRw6d5vIDM8pGogKe3K-O_apAvd3nPOfQlP21r81tPi5yjOYhSn340pPFLdQbxTvTUZWl2XmeWuyIN2eW0xPS-H-3dQqJdvzQbBjDFAZlCWjSFgl3HKIwyQCG0AHjhMhpXT0VmVUKPVORtNGFUS7w_j3Tfb:1uZ2ay:atezPK5IbNzeiPzOgQhbzVbELNpT4qN5bPgaBOtC1Gw','2025-07-08 07:33:28.209000'),('rkayfdr49124lxp1urnnmvcvj1p8doir','.eJxVjEEOwiAQRe_C2pAyDAVcuvcMZGBAqoYmpV0Z765NutDtf-_9lwi0rTVsPS9hYnEWSpx-t0jpkdsO-E7tNss0t3WZotwVedAurzPn5-Vw_w4q9fqtMyP6Ygpp6wm1IwXGOZ3AoB1NKaAoa7CDUqNVHiFGZhtdQRyKBZ_F-wPJ6jcg:1uZk7M:YRIkkGNd4dN798Ft_ABwuX7N4ALM2FK04Sh-wKBnAUY','2025-07-10 06:01:48.524723'),('rkdzr6pww0mws3y7kf4o21s0iiouaxw8','.eJxVjEEOwiAQRe_C2pAyDAVcuvcMZGBAqoYmpV0Z765NutDtf-_9lwi0rTVsPS9hYnEWSpx-t0jpkdsO-E7tNss0t3WZotwVedAurzPn5-Vw_w4q9fqtMyP6Ygpp6wm1IwXGOZ3AoB1NKaAoa7CDUqNVHiFGZhtdQRyKBZ_F-wPJ6jcg:1ufG7c:usIXNBQAVtdA_QaLOvyT4OrgodqDpGlnnG3BZtXucWY','2025-07-25 11:12:52.962642'),('rqnphue7qlzd7wqyatd9kq33b2qwp5z4','e30:1ubHsr:uEVEnxFfzt4r_I7Z8D7sabnX5hLMoidvzPZarO8WoKY','2025-07-14 12:17:13.021677'),('s85h6r5dp4ns4z2d63nyxop5uhn9h1qk','e30:1ucUcW:oSN6SI5BSADAzs6veRisd3cfiF3epAXzcZ1cMDfmHlw','2025-07-17 20:05:20.547706'),('sf04dp2h8g2z1fgmmuwejqqtl1gr7ou5','.eJxVjEEOwiAQRe_C2pAyDAVcuvcMZGBAqoYmpV0Z765NutDtf-_9lwi0rTVsPS9hYnEWSpx-t0jpkdsO-E7tNss0t3WZotwVedAurzPn5-Vw_w4q9fqtMyP6Ygpp6wm1IwXGOZ3AoB1NKaAoa7CDUqNVHiFGZhtdQRyKBZ_F-wPJ6jcg:1uesMG:ryc_3NkdWekh2CfrqR79JqMHjc6GmAYfPcBdC9jwQSg','2025-07-24 09:50:24.171894'),('slypwlxku37mcts7zepgz1i1qwxpxb6j','.eJxVjEEOwiAQRe_C2pAyDAVcuvcMZGBAqoYmpV0Z765NutDtf-_9lwi0rTVsPS9hYnEWSpx-t0jpkdsO-E7tNss0t3WZotwVedAurzPn5-Vw_w4q9fqtMyP6Ygpp6wm1IwXGOZ3AoB1NKaAoa7CDUqNVHiFGZhtdQRyKBZ_F-wPJ6jcg:1ueouI:oQ_zqgtxBaRuRfuoL4NbGjCyjspKShTCrDHN4JFr-wQ','2025-07-24 06:09:18.564979'),('snjc6t9ty1o1p0lelmztirf9gcbm6fib','.eJxVjEEOwiAQRe_C2pAyDAVcuvcMZGBAqoYmpV0Z765NutDtf-_9lwi0rTVsPS9hYnEWSpx-t0jpkdsO-E7tNss0t3WZotwVedAurzPn5-Vw_w4q9fqtMyP6Ygpp6wm1IwXGOZ3AoB1NKaAoa7CDUqNVHiFGZhtdQRyKBZ_F-wPJ6jcg:1ueujX:spCOKoyDA3nozIb1PIz02V8R8IEJbsVkAS2DC3fiEMo','2025-07-24 12:22:35.593408'),('spn70vmhatv5br7kk4zrvairxj86uwyv','.eJxVjEEOwiAQRe_C2pAyDAVcuvcMZGBAqoYmpV0Z765NutDtf-_9lwi0rTVsPS9hYnEWSpx-t0jpkdsO-E7tNss0t3WZotwVedAurzPn5-Vw_w4q9fqtMyP6Ygpp6wm1IwXGOZ3AoB1NKaAoa7CDUqNVHiFGZhtdQRyKBZ_F-wPJ6jcg:1ucIta:AwN8OBlLrwaiAxVIRC42XjAMIgrXnxbX35hS6YxzJBI','2025-07-17 07:34:10.593598'),('sr7thh4ah03zy8e85acpgm2k78crteah','.eJxVjEEOwiAQRe_C2pAyDAVcuvcMZGBAqoYmpV0Z765NutDtf-_9lwi0rTVsPS9hYnEWSpx-t0jpkdsO-E7tNss0t3WZotwVedAurzPn5-Vw_w4q9fqtMyP6Ygpp6wm1IwXGOZ3AoB1NKaAoa7CDUqNVHiFGZhtdQRyKBZ_F-wPJ6jcg:1ucMsF:cuu1k6TU7WgiolLRihAf4bnJ-u-R89LEY2bhju1LoSM','2025-07-17 11:49:03.732814'),('stwbxq31vzhz0ge1oaszrodie208sl8k','.eJxVjEEOwiAQRe_C2pAyDAVcuvcMZGBAqoYmpV0Z765NutDtf-_9lwi0rTVsPS9hYnEWSpx-t0jpkdsO-E7tNss0t3WZotwVedAurzPn5-Vw_w4q9fqtMyP6Ygpp6wm1IwXGOZ3AoB1NKaAoa7CDUqNVHiFGZhtdQRyKBZ_F-wPJ6jcg:1ufPAe:sq_1yUwO3UY2Bp9fkJIsVQ8m67_NqddXR0xrnc0wvGM','2025-07-25 20:52:36.001869'),('t2wghir5vhzbrq44mrk2x1ca6ken2t1v','e30:1udqb0:0IPBWF6qsI8D-BagbK2zVTWyIhhNGBR1NkcDtDNx9GA','2025-07-21 13:45:22.073282'),('t691lk1jtxl3bhmbwwvnd9oh62a3maq4','.eJxVjEEOwiAQRe_C2pAyDAVcuvcMZGBAqoYmpV0Z765NutDtf-_9lwi0rTVsPS9hYnEWSpx-t0jpkdsO-E7tNss0t3WZotwVedAurzPn5-Vw_w4q9fqtMyP6Ygpp6wm1IwXGOZ3AoB1NKaAoa7CDUqNVHiFGZhtdQRyKBZ_F-wPJ6jcg:1ufBM3:nO5KqTYlDZJgTUzUVEBgIYPeTDIuY6de9jjFaiVQgw0','2025-07-25 06:07:27.448742'),('t7ndtp1d4l30bogswpqug6asrp7wf6l6','.eJxVjEEOwiAQRe_C2pAyDAVcuvcMZGBAqoYmpV0Z765NutDtf-_9lwi0rTVsPS9hYnEWSpx-t0jpkdsO-E7tNss0t3WZotwVedAurzPn5-Vw_w4q9fqtMyP6Ygpp6wm1IwXGOZ3AoB1NKaAoa7CDUqNVHiFGZhtdQRyKBZ_F-wPJ6jcg:1ufKaq:ig9r12U7f4XWqXWmuaYKP8DcLG4vqWAVNkEU7mU7TQc','2025-07-25 15:59:20.860435'),('thmhcelpgwub5t4iex9am6kxzycxd80u','.eJxVjEEOwiAQRe_C2pAyDAVcuvcMZGBAqoYmpV0Z765NutDtf-_9lwi0rTVsPS9hYnEWSpx-t0jpkdsO-E7tNss0t3WZotwVedAurzPn5-Vw_w4q9fqtMyP6Ygpp6wm1IwXGOZ3AoB1NKaAoa7CDUqNVHiFGZhtdQRyKBZ_F-wPJ6jcg:1ubz25:KE67_bIZsBOP_ElQ5XHLlrLzQ_UfSou8YVt3qxka5Hw','2025-07-16 10:21:37.887577'),('thtko94w10xugdfh7gz4i4sjopv7fn0f','.eJxVjEEOwiAQRe_C2pAyDAVcuvcMZGBAqoYmpV0Z765NutDtf-_9lwi0rTVsPS9hYnEWSpx-t0jpkdsO-E7tNss0t3WZotwVedAurzPn5-Vw_w4q9fqtMyP6Ygpp6wm1IwXGOZ3AoB1NKaAoa7CDUqNVHiFGZhtdQRyKBZ_F-wPJ6jcg:1uZnbF:Gm9jXPZkFQNWMGH2JK7swQR-n5LqAPjFjgf2H0dUGmQ','2025-07-10 09:44:53.443821'),('tmwazmovhrl1esil7ds9wx0kr8raigeo','.eJxVjEEOwiAQRe_C2pAyDAVcuvcMZGBAqoYmpV0Z765NutDtf-_9lwi0rTVsPS9hYnEWSpx-t0jpkdsO-E7tNss0t3WZotwVedAurzPn5-Vw_w4q9fqtMyP6Ygpp6wm1IwXGOZ3AoB1NKaAoa7CDUqNVHiFGZhtdQRyKBZ_F-wPJ6jcg:1udmlv:9i5ABc0_z0aYbjXkh0rLnL80j3UcWI3eHED49XmaotA','2025-07-21 09:40:23.300216'),('tvgnyxh7jyildbtmedodda7jeeslf81o','.eJxVjEEOwiAQRe_C2pAyDAVcuvcMZGBAqoYmpV0Z765NutDtf-_9lwi0rTVsPS9hYnEWSpx-t0jpkdsO-E7tNss0t3WZotwVedAurzPn5-Vw_w4q9fqtMyP6Ygpp6wm1IwXGOZ3AoB1NKaAoa7CDUqNVHiFGZhtdQRyKBZ_F-wPJ6jcg:1ud0xM:9oodxPE7UnnhLKJQQ5323mSHJjYYkLHsPsqjCKiMn5k','2025-07-19 06:37:00.613687'),('txfnn49ym3h43cmqvd3pwuw2t9359r64','.eJxVjEEOwiAQRe_C2pAyDAVcuvcMZGBAqoYmpV0Z765NutDtf-_9lwi0rTVsPS9hYnEWSpx-t0jpkdsO-E7tNss0t3WZotwVedAurzPn5-Vw_w4q9fqtMyP6Ygpp6wm1IwXGOZ3AoB1NKaAoa7CDUqNVHiFGZhtdQRyKBZ_F-wPJ6jcg:1uceTr:YWIgCIM4s9dptRfFUIh7NlJYXDtk3VyX6lCsi4osOAU','2025-07-18 06:37:03.345886'),('txh661364x3dg7cb1spyidhdgw04q3ow','.eJxVjEEOwiAQRe_C2pAyDAVcuvcMZGBAqoYmpV0Z765NutDtf-_9lwi0rTVsPS9hYnEWSpx-t0jpkdsO-E7tNss0t3WZotwVedAurzPn5-Vw_w4q9fqtMyP6Ygpp6wm1IwXGOZ3AoB1NKaAoa7CDUqNVHiFGZhtdQRyKBZ_F-wPJ6jcg:1ubJ56:HFZ6K5yAUJjtpzYaFxJB0S3U4VCpPaAbYKSXEFmDcRI','2025-07-14 13:33:56.003970'),('u76atb1v1or5l67wq9u5kji9zs81205x','e30:1uZqZv:Tto8Gz_qQl4YlxYCaivhkEwmNp1OEehGfPzHGvNFjNY','2025-07-10 12:55:43.147504'),('uagbk8ddbcibeojg6wxqaxdgurvnyjkh','.eJxVjEEOwiAQRe_C2pAyDAVcuvcMZGBAqoYmpV0Z765NutDtf-_9lwi0rTVsPS9hYnEWSpx-t0jpkdsO-E7tNss0t3WZotwVedAurzPn5-Vw_w4q9fqtMyP6Ygpp6wm1IwXGOZ3AoB1NKaAoa7CDUqNVHiFGZhtdQRyKBZ_F-wPJ6jcg:1uZYcs:wVhSfGS5u-9HNaovz1tVBvWAENAYpMFpLfiPcETYcck','2025-07-09 17:45:34.663000'),('ubeufcsjjmo3w976o1rdpcck8y26qu20','.eJxVjEEOwiAQRe_C2pAyDAVcuvcMZGBAqoYmpV0Z765NutDtf-_9lwi0rTVsPS9hYnEWSpx-t0jpkdsO-E7tNss0t3WZotwVedAurzPn5-Vw_w4q9fqtMyP6Ygpp6wm1IwXGOZ3AoB1NKaAoa7CDUqNVHiFGZhtdQRyKBZ_F-wPJ6jcg:1uf9zh:Lu-i5XV9yWVxFTFc4hFc5IAVEZeR8-prW0OzAz_ogxI','2025-07-25 04:40:17.931366'),('ue8jy2760jxewzxpwbgfvw9apvwe5w5q','.eJxVjEEOwiAQRe_C2pAyDAVcuvcMZGBAqoYmpV0Z765NutDtf-_9lwi0rTVsPS9hYnEWSpx-t0jpkdsO-E7tNss0t3WZotwVedAurzPn5-Vw_w4q9fqtMyP6Ygpp6wm1IwXGOZ3AoB1NKaAoa7CDUqNVHiFGZhtdQRyKBZ_F-wPJ6jcg:1ueCz7:ESpM9GqDR29X0B1vTELM4g8XxmKR56zTAjF2o6xk934','2025-07-22 13:39:45.885573'),('ugekhjwh00z77en9hsc1j8qpegj5t6ae','.eJxVjEEOwiAQRe_C2pAyDAVcuvcMZGBAqoYmpV0Z765NutDtf-_9lwi0rTVsPS9hYnEWSpx-t0jpkdsO-E7tNss0t3WZotwVedAurzPn5-Vw_w4q9fqtMyP6Ygpp6wm1IwXGOZ3AoB1NKaAoa7CDUqNVHiFGZhtdQRyKBZ_F-wPJ6jcg:1ud7Rf:BcgCXi7WzMEa5CPqHS9Ty_P2gO5Tc9ikkH3Nc75GNjg','2025-07-19 13:32:43.112043'),('ujlkg30kpgxis1zvlhc2ho7jy65ekz2x','.eJxVjEEOwiAQRe_C2pAyDAVcuvcMZGBAqoYmpV0Z765NutDtf-_9lwi0rTVsPS9hYnEWSpx-t0jpkdsO-E7tNss0t3WZotwVedAurzPn5-Vw_w4q9fqtMyP6Ygpp6wm1IwXGOZ3AoB1NKaAoa7CDUqNVHiFGZhtdQRyKBZ_F-wPJ6jcg:1ufC7O:T1DEUH8sfS0oRpCdyvo5_sC2P3QGAZSCfr-flhylYw0','2025-07-25 06:56:22.590564'),('upold5uh4uk0qo5ab8fsh0b7u9jsb8pf','.eJxVjEEOwiAQRe_C2pAyDAVcuvcMZGBAqoYmpV0Z765NutDtf-_9lwi0rTVsPS9hYnEWSpx-t0jpkdsO-E7tNss0t3WZotwVedAurzPn5-Vw_w4q9fqtMyP6Ygpp6wm1IwXGOZ3AoB1NKaAoa7CDUqNVHiFGZhtdQRyKBZ_F-wPJ6jcg:1ufFEF:DAiPj4L4MVS4F7yi4orU1K0oQoMHlgmjy3G_IvuBPkE','2025-07-25 10:15:39.576027'),('urc7dr38h5fmvw0trpmlfinajrd4ngyz','.eJxVjEEOwiAQRe_C2pAyDAVcuvcMZGBAqoYmpV0Z765NutDtf-_9lwi0rTVsPS9hYnEWSpx-t0jpkdsO-E7tNss0t3WZotwVedAurzPn5-Vw_w4q9fqtMyP6Ygpp6wm1IwXGOZ3AoB1NKaAoa7CDUqNVHiFGZhtdQRyKBZ_F-wPJ6jcg:1ufHcG:4CLptWC0L2OhohTNPDT-82Ii6PwlV9_brI-jdAfKeEM','2025-07-25 12:48:36.702412'),('uvxme81vg281yz5pm9hqc0grelvu13uf','e30:1ud1Hk:gsU9qXanoKBx6i0Szckd7t7q1O5qfU1h9FyiLzCI8XQ','2025-07-19 06:58:04.889939'),('v13zvtb1udnd9lc2cy3208re0q0h8bfw','e30:1ubDfD:HZBLz0G3EUVWM6YLKCgoP8QJRDmIDvaS9cOn1mS9qX4','2025-07-14 07:46:51.047545'),('v6bsht5euqjg7k4i9wplnzdtilee58ub','.eJxVjEEOwiAQRe_C2pAyDAVcuvcMZGBAqoYmpV0Z765NutDtf-_9lwi0rTVsPS9hYnEWSpx-t0jpkdsO-E7tNss0t3WZotwVedAurzPn5-Vw_w4q9fqtMyP6Ygpp6wm1IwXGOZ3AoB1NKaAoa7CDUqNVHiFGZhtdQRyKBZ_F-wPJ6jcg:1ufQSZ:H3pxZHUg2a89e7ih09ccCykIvOIlB_pXJIzrVwBCfnQ','2025-07-25 22:15:11.368246'),('w5j6kx8cosnv3mw4gerfg7q041tcsta9','.eJxVjEEOwiAQRe_C2pAyDAVcuvcMZGBAqoYmpV0Z765NutDtf-_9lwi0rTVsPS9hYnEWSpx-t0jpkdsO-E7tNss0t3WZotwVedAurzPn5-Vw_w4q9fqtMyP6Ygpp6wm1IwXGOZ3AoB1NKaAoa7CDUqNVHiFGZhtdQRyKBZ_F-wPJ6jcg:1udHOD:MjRqjQqDx8t9IWHboTWjth1VO9Xs87XMH0ZdxE3JAmo','2025-07-20 00:09:49.122682'),('wogj6edj62l0tqvyohbdueqd9tccl7jx','.eJxVjEEOwiAQRe_C2pAyDAVcuvcMZGBAqoYmpV0Z765NutDtf-_9lwi0rTVsPS9hYnEWSpx-t0jpkdsO-E7tNss0t3WZotwVedAurzPn5-Vw_w4q9fqtMyP6Ygpp6wm1IwXGOZ3AoB1NKaAoa7CDUqNVHiFGZhtdQRyKBZ_F-wPJ6jcg:1ucgFa:Y89rtk2nu_Eh_G_qexKvLAE7hxxxepZQOrkhIy-NuY4','2025-07-18 08:30:26.318537'),('wtlk557h2u7kmt34rtn3t86rpcvqj2hf','.eJxVjEEOwiAQRe_C2pAyDAVcuvcMZGBAqoYmpV0Z765NutDtf-_9lwi0rTVsPS9hYnEWSpx-t0jpkdsO-E7tNss0t3WZotwVedAurzPn5-Vw_w4q9fqtMyP6Ygpp6wm1IwXGOZ3AoB1NKaAoa7CDUqNVHiFGZhtdQRyKBZ_F-wPJ6jcg:1udVEE:g7Ge1Vj814DVTUQsP0b1CJgkC-2a_Lx872lxPCxFfLE','2025-07-20 14:56:26.330504'),('wu3hj86a8a885hmqo48t6pf3af8j1que','.eJxVjEEOwiAQRe_C2pAyDAVcuvcMZGBAqoYmpV0Z765NutDtf-_9lwi0rTVsPS9hYnEWSpx-t0jpkdsO-E7tNss0t3WZotwVedAurzPn5-Vw_w4q9fqtMyP6Ygpp6wm1IwXGOZ3AoB1NKaAoa7CDUqNVHiFGZhtdQRyKBZ_F-wPJ6jcg:1udDgg:_MljI0El-eiV-KQmvh_DU7UIeQpL1KyeTbU4i_SV4RE','2025-07-19 20:12:38.398460'),('wygqpqr17qv71n5m3h7kch9wr5wz48co','.eJxVjEEOwiAQRe_C2pAyDAVcuvcMZGBAqoYmpV0Z765NutDtf-_9lwi0rTVsPS9hYnEWSpx-t0jpkdsO-E7tNss0t3WZotwVedAurzPn5-Vw_w4q9fqtMyP6Ygpp6wm1IwXGOZ3AoB1NKaAoa7CDUqNVHiFGZhtdQRyKBZ_F-wPJ6jcg:1uZbQO:1xTprHZt1euGa8UBENw65EZ1ExHSGnFwMqK_A0jcLo8','2025-07-09 20:44:52.671000'),('wzmrbmxxiqnq182uljudzsd3byho0eam','.eJxVjEEOwiAQRe_C2pAyDAVcuvcMZGBAqoYmpV0Z765NutDtf-_9lwi0rTVsPS9hYnEWSpx-t0jpkdsO-E7tNss0t3WZotwVedAurzPn5-Vw_w4q9fqtMyP6Ygpp6wm1IwXGOZ3AoB1NKaAoa7CDUqNVHiFGZhtdQRyKBZ_F-wPJ6jcg:1uZkqQ:jhm75z0Of2gEP5X98wLoKHmecOPLthRpl5mL_UfA5qw','2025-07-10 06:48:22.684872'),('x06t1lx4oazxwfulbtvwhxudxnj4xxzk','e30:1uaDBD:MvJYj0BnNCWNuGgu592KtwF4xEMcJMDZSHn20xRT1D4','2025-07-11 13:03:43.054913'),('x2wh4np2mi3lqfvx04jd03x4hfz8dycs','.eJxVjEEOwiAQRe_C2pAyDAVcuvcMZGBAqoYmpV0Z765NutDtf-_9lwi0rTVsPS9hYnEWSpx-t0jpkdsO-E7tNss0t3WZotwVedAurzPn5-Vw_w4q9fqtMyP6Ygpp6wm1IwXGOZ3AoB1NKaAoa7CDUqNVHiFGZhtdQRyKBZ_F-wPJ6jcg:1ufYoy:yIqYGgIYywdXYblh_BLUHP-ZZA1GlqqCHKBHbmUjyxw','2025-07-26 07:10:52.997584'),('x946y7cu7clzsfo0bp7vo2pr11wcxcmc','.eJxVjEEOwiAQRe_C2pAyDAVcuvcMZGBAqoYmpV0Z765NutDtf-_9lwi0rTVsPS9hYnEWSpx-t0jpkdsO-E7tNss0t3WZotwVedAurzPn5-Vw_w4q9fqtMyP6Ygpp6wm1IwXGOZ3AoB1NKaAoa7CDUqNVHiFGZhtdQRyKBZ_F-wPJ6jcg:1ufbdr:ElNKdYKIR6tGBNgRvvBBTvac-Cbl7jNKxpCB0ut6RVE','2025-07-26 10:11:35.080453'),('xbgrezdctxa8zldjsbp5z4pau36ia53v','.eJxVjEEOwiAQRe_C2pAyDAVcuvcMZGBAqoYmpV0Z765NutDtf-_9lwi0rTVsPS9hYnEWSpx-t0jpkdsO-E7tNss0t3WZotwVedAurzPn5-Vw_w4q9fqtMyP6Ygpp6wm1IwXGOZ3AoB1NKaAoa7CDUqNVHiFGZhtdQRyKBZ_F-wPJ6jcg:1uZlMp:JBdjhnCgYSqkOz9rQG6BvFSQP6HkET3X0aBK8X0iKlo','2025-07-10 07:21:51.659319'),('xcug28q2p3t181rs6yg0u3nf2qnp9vd0','.eJxVjEEOwiAQRe_C2pAyDAVcuvcMZGBAqoYmpV0Z765NutDtf-_9lwi0rTVsPS9hYnEWSpx-t0jpkdsO-E7tNss0t3WZotwVedAurzPn5-Vw_w4q9fqtMyP6Ygpp6wm1IwXGOZ3AoB1NKaAoa7CDUqNVHiFGZhtdQRyKBZ_F-wPJ6jcg:1ubbBP:KBZbmoe8X23sD6M72TbbZMHFQcopR45nE76xbtxv8GI','2025-07-15 08:53:39.116466'),('xv0imtq8ej21mzi3ls2qosvjgc7dfq60','.eJxVjEEOwiAQRe_C2pAyDAVcuvcMZGBAqoYmpV0Z765NutDtf-_9lwi0rTVsPS9hYnEWSpx-t0jpkdsO-E7tNss0t3WZotwVedAurzPn5-Vw_w4q9fqtMyP6Ygpp6wm1IwXGOZ3AoB1NKaAoa7CDUqNVHiFGZhtdQRyKBZ_F-wPJ6jcg:1ubdi9:wE81_eEbo3BODmlaJvMU8EW9tUFbsQwG2BnuO9ndREo','2025-07-15 11:35:37.839780'),('xwjqxtdejpml3b9sgx7rtri5i3a972w8','.eJxVjEEOwiAQRe_C2pAyDAVcuvcMZGBAqoYmpV0Z765NutDtf-_9lwi0rTVsPS9hYnEWSpx-t0jpkdsO-E7tNss0t3WZotwVedAurzPn5-Vw_w4q9fqtMyP6Ygpp6wm1IwXGOZ3AoB1NKaAoa7CDUqNVHiFGZhtdQRyKBZ_F-wPJ6jcg:1uZk4g:3Z79H8aq8zas-XkL2FnII-9RDYq8G-IjD_Rzh3LrDIo','2025-07-10 05:59:02.605026'),('y13h3kbtwqnjm41msx5odhi0mvtga68u','.eJxVjEEOwiAQRe_C2pAyDAVcuvcMZGBAqoYmpV0Z765NutDtf-_9lwi0rTVsPS9hYnEWSpx-t0jpkdsO-E7tNss0t3WZotwVedAurzPn5-Vw_w4q9fqtMyP6Ygpp6wm1IwXGOZ3AoB1NKaAoa7CDUqNVHiFGZhtdQRyKBZ_F-wPJ6jcg:1ufcuj:DbyMRcQ7KIJpnsUPJelcBrQya2HDkZqWk8YTAX9zGYc','2025-07-26 11:33:05.366943'),('y8nc1sxq9qu21o6lp1m3l7u7qj5bnox6','.eJxVjEEOwiAQRe_C2pAyDAVcuvcMZGBAqoYmpV0Z765NutDtf-_9lwi0rTVsPS9hYnEWSpx-t0jpkdsO-E7tNss0t3WZotwVedAurzPn5-Vw_w4q9fqtMyP6Ygpp6wm1IwXGOZ3AoB1NKaAoa7CDUqNVHiFGZhtdQRyKBZ_F-wPJ6jcg:1uZoHt:rIMJLDc3_CrFd6x6RcnMSmX9ntb67K5I6DmtZzLlyWA','2025-07-10 10:28:57.490553'),('ycuv4tv059242eli82nd5ma26t4drx49','.eJxVjEEOwiAQRe_C2pAyDAVcuvcMZGBAqoYmpV0Z765NutDtf-_9lwi0rTVsPS9hYnEWSpx-t0jpkdsO-E7tNss0t3WZotwVedAurzPn5-Vw_w4q9fqtMyP6Ygpp6wm1IwXGOZ3AoB1NKaAoa7CDUqNVHiFGZhtdQRyKBZ_F-wPJ6jcg:1ufZh7:Ap64KxMIaq4xWkVBVe9p3WvTLHvaYVidHQQCcwBhNiY','2025-07-26 08:06:49.357227'),('yiffa1bzod8o6lt8exfoleyicl2e3ixc','e30:1uetN2:8vnVreYRWGeKPDrK9f6y3fsjs5I579WYVC2y-kGbWks','2025-07-24 10:55:16.067722'),('yimn4gwj86pader0h0egdcyfuni455vn','.eJxVjEEOwiAQRe_C2pAyDAVcuvcMZGBAqoYmpV0Z765NutDtf-_9lwi0rTVsPS9hYnEWSpx-t0jpkdsO-E7tNss0t3WZotwVedAurzPn5-Vw_w4q9fqtMyP6Ygpp6wm1IwXGOZ3AoB1NKaAoa7CDUqNVHiFGZhtdQRyKBZ_F-wPJ6jcg:1ufCAG:U68n4Nlnr351AQWRFZCTIcT2qvXx0R-uDX9As3Tw0L8','2025-07-25 06:59:20.702685'),('yjmhtqpodqhx8hey70gm3u0sqth5a03b','.eJxVjEEOwiAQRe_C2pAyDAVcuvcMZGBAqoYmpV0Z765NutDtf-_9lwi0rTVsPS9hYnEWSpx-t0jpkdsO-E7tNss0t3WZotwVedAurzPn5-Vw_w4q9fqtMyP6Ygpp6wm1IwXGOZ3AoB1NKaAoa7CDUqNVHiFGZhtdQRyKBZ_F-wPJ6jcg:1ueoRt:NgXb71IEdIk_4sT6SbvXTee5kMwxwtnDFaSClXZaec8','2025-07-24 05:39:57.934557'),('ylulqrlk8blzw8eizocxs8e12txmnm3v','e30:1uc1yC:d2_u8YFXIMzlOm-NqVSHADF-C_h1gr80QSdNYqGFURI','2025-07-16 13:29:48.113704'),('z0i8apcnlz542x0r0z4hprrjg8wtgajo','e30:1uZAxP:t6bg_Zm0kIccTm19_hC5DPgpZB34htevIOPWqd6wK84','2025-07-08 16:29:11.570000'),('z4m7hz82scpllwus04s9okvm56ej2nkj','.eJxVjEEOwiAQRe_C2pAyDAVcuvcMZGBAqoYmpV0Z765NutDtf-_9lwi0rTVsPS9hYnEWSpx-t0jpkdsO-E7tNss0t3WZotwVedAurzPn5-Vw_w4q9fqtMyP6Ygpp6wm1IwXGOZ3AoB1NKaAoa7CDUqNVHiFGZhtdQRyKBZ_F-wPJ6jcg:1ufuUF:pr7yhJg1dDyEoFkMPetsqgMSG38AW4nxgw4KlUxYUrc','2025-07-27 06:18:55.586042'),('zrne1cslnh7dc4uwnpnl3uwjzsyw3ppr','.eJxVjEEOwiAQRe_C2pAyDAVcuvcMZGBAqoYmpV0Z765NutDtf-_9lwi0rTVsPS9hYnEWSpx-t0jpkdsO-E7tNss0t3WZotwVedAurzPn5-Vw_w4q9fqtMyP6Ygpp6wm1IwXGOZ3AoB1NKaAoa7CDUqNVHiFGZhtdQRyKBZ_F-wPJ6jcg:1ufAi4:ccDD71fmflEWZlIulpKQxN9TG3wv9lBP7Yettth4qYA','2025-07-25 05:26:08.170099'),('zzvbmoq62wutk571vpwc75t68y4rg0eh','e30:1ufcmT:EklvNZ2bhzu8pxRMM-JSSWxmbqEG3TyFTiq0ZUX4t84','2025-07-26 11:24:33.157302');
/*!40000 ALTER TABLE `django_session` ENABLE KEYS */;
UNLOCK TABLES;